Title,channel name,channel link,views,Video length,Link
Blast Baby - Video Song | God Father | Megastar Chiranjeevi | Salman Khan | Thaman S | Mohan Raja,Saregama Telugu,https://www.youtube.com/user/saregamasouth,1.9M views,5:29,https://www.youtube.com/watch?v=TkJHpEhHFVk
Tom & Jerry | A Bit of Fresh Air! | Classic Cartoon Compilation | @WB Kids,WB Kids,https://www.youtube.com/c/wbkids,105M views,22:56,https://www.youtube.com/watch?v=5oH9Nr3bKfw
5.1 Tamil Songs | Ilayaraja Duets 5.1 Part2 | Dolby Digital 5.1 Tamil songs | Paatu Cassette Songs,Selva Musicals,https://www.youtube.com/channel/UCofWsK9bcuuwwZEu7uIJl5w,242K views,2:00:31,https://www.youtube.com/watch?v=KPLI4yP_v0E
Suryakumar Yadav's Incredible 117 off 55 Balls at Trent Bridge! | England v India,England & Wales Cricket Board,https://www.youtube.com/cricket,7.3M views,9:55,https://www.youtube.com/watch?v=8S5lApwP3yo
Dark Truth of Fake Gurus | Reality of Fake Gurus | Business Case Study,Aditya Saini,https://www.youtube.com/c/AdityaSaini1505,2.5M views,19:18,https://www.youtube.com/watch?v=LzAILQMonM4
"Billboard Hot 100 This Week - Ed Sheeran, Adele, Justin Bieber, Bruno Mars, Maroon 5, Rihanna,Sia",Music Collection,https://www.youtube.com/user/nseela,754K views,11:55:00,https://www.youtube.com/watch?v=VG51kFqhUwM
This KOYAL was born in CROW's Nest! *HouseVlog1,Wildly Indian,https://www.youtube.com/c/WildlyIndian,2.7M views,16:44,https://www.youtube.com/watch?v=5TvrSYST3AU
‡Æ§‡Æû‡Øç‡Æö‡Ææ‡Æµ‡ØÇ‡Æ∞‡Æø‡Æ≤‡ØÅ‡ÆÆ‡Øç ‡Æ§‡ØÜ‡Æ∞‡Æø‡Æ®‡Øç‡Æ§ ‡Æ™‡Æï‡ØÅ‡Æ§‡Æø ‡Æö‡ØÇ‡Æ∞‡Æø‡ÆØ ‡Æï‡Æø‡Æ∞‡Æï‡Æ£‡ÆÆ‡Øç|Partial Solar Eclipse #partialsolareclipse2022,Vinveli Paarvai(Cosmic Eye),https://www.youtube.com/c/VinveliPaarvaiCosmicEye,328 views,1:30,https://www.youtube.com/watch?v=o3owwW9uPSM
The captaincy task brings out a lot of emotions in the Bigg Boss house | BB Telugu 6 | Day 54 Promo1,Star Maa,https://www.youtube.com/c/StarMaaTV,249K views,1:59,https://www.youtube.com/watch?v=EJ7yudjmcjY
"Ratchasa Maamaney - Full Video | Ponniyin Selvan -1 | Tamil | AR Rahman | Karthi, Trisha| Shreya G",Tips Tamil,https://www.youtube.com/c/TipsTamil,7.8M views,4:29,https://www.youtube.com/watch?v=IjvQeKQRfIk
"Yashoda Trailer (Telugu) | Samantha, Varalaxmi Sarathkumar | Manisharma | Hari - Harish",Aditya Music,https://www.youtube.com/c/adityamusic,1.9M views,2:41,https://www.youtube.com/watch?v=fZWjsFraE1s
"3 ‡ÆÆ‡Æ£‡Æø ‡Æ®‡Øá‡Æ∞ ‡Æ™‡ÆØ‡Æ£‡ÆÆ‡Øç,‡Æá‡Æ©‡Æø 30 ‡Æ®‡Æø‡ÆÆ‡Æø‡Æü‡ÆÆ‡Øç ‡ÆÆ‡Æü‡Øç‡Æü‡ØÅ‡ÆÆ‡Øá - ‡Æï‡Ææ‡Æü‡ØÅ‡Æï‡Æ≥‡Øç ‡Æµ‡Æ¥‡Æø‡ÆØ‡Øá ‡Æ™‡Æ±‡Æï‡Øç‡Æï‡ØÅ‡ÆÆ‡Øç ‡Æ§‡Æø‡Æï‡Æø‡Æ≤‡Øç ‡Æ™‡ÆØ‡Æ£‡ÆÆ‡Øç | Palani | Kodaikanal",Thanthi TV,https://www.youtube.com/c/ThanthitvNews,364K views,4:49,https://www.youtube.com/watch?v=JYgisVY04To
Marvel Studios‚Äô Special Presentation: The Guardians of the Galaxy Holiday Special | Official Trailer,Marvel Entertainment,https://www.youtube.com/c/marvel,7.6M views,1:15,https://www.youtube.com/watch?v=OYhFFQl4fLs
The Nerve Wracking thriller: what went through my mind before I walked in to bat | Kutti Story,Ashwin,https://www.youtube.com/c/AshwinCrikipidea,1M views,12:56,https://www.youtube.com/watch?v=DxDmK8a3-aQ
Varisu Director Vamshi Paidipally 1st ever Exclusive Interview | Vijay | Dil Raju | Vaarasudu,Cinema Vikatan,https://www.youtube.com/c/cinemavikatan,745K views,26:45,https://www.youtube.com/watch?v=ygaK4BQaACk
Waltair Veerayya Title Teaser | Megastar Chiranjeevi | Ravi Teja | Bobby Kolli | Shruti Haasan,Mythri Movie Makers,https://www.youtube.com/c/MythriMovieMakers,10M views,2:32,https://www.youtube.com/watch?v=PlS6KkFfMOM
Thangalaan Title Announcement | Chiyaan Vikram | Pa Ranjith | G V Prakash Kumar | K E Gnanavelraja,Times Music Tamil,https://www.youtube.com/c/TimesMusicTamil,1.5M views,0:54,https://www.youtube.com/watch?v=Dkbiq3QrpG4
Marvel Studios‚Äô Ant-Man and the Wasp: Quantumania | Official Tamil Trailer,IndiaMarvel,https://www.youtube.com/c/marvelin,296K views,2:20,https://www.youtube.com/watch?v=khGiM_gLlAc
Bigg Boss Tamil Season 6 | 27th October 2022 | #Promo02,Disney+ Hotstar Tamil,https://www.youtube.com/c/disneyplusHSTam,586K views,0:35,https://www.youtube.com/watch?v=Lt5LSFFHA2g
"Rajini | Ep - 267 | Preview | Oct, 26 2022 | Shreya, Subiksha, Preetha Suresh | Zee Tamil",Zee Tamil,https://www.youtube.com/c/zeetamil,315K views,1:39,https://www.youtube.com/watch?v=hBfBwX6jkro
Diwali Alaparaigal | Nakkalites,Nakkalites,https://www.youtube.com/c/NakkalitesTamil,682K views,9:42,https://www.youtube.com/watch?v=O7qRZpIKVg8
"Non Stop Love Mashup üß°üíõüíö Best Mashup of Arijit Singh, Jubin Nautiyal, BPraak, Atif Aslam,Neha Kakkar",Music Wave,https://www.youtube.com/c/MusicWave,592K views,1:37:28,https://www.youtube.com/watch?v=pR1CEOQJ3Mg
Surah Baqarah (Fast Recitation) Speedy and Quick Reading in 59 Minutes By Sheikh Sudais,YT TECH & GAMING,https://www.youtube.com/channel/UCIsStw9Z_YyVfV6t4UoLrjQ,38K views,59:46,https://www.youtube.com/watch?v=Ys5_yATdMuc
Oggy v√† nh·ªØng ch√∫ gi√°n tinh ngh·ªãch | NG∆Ø·ªúI KH·ªîNG L·ªí | S01E23 | phim ho·∫°t h√¨nh,Oggy v√† nh·ªØng ch√∫ gi√°n tinh ngh·ªãch,https://www.youtube.com/channel/UCD7r28qId_qf3MFtdvVlslw,1M views,33:19,https://www.youtube.com/watch?v=ewrH-DyjTgA
ACHYUTAM KESHAVAM KRISHNA DAMODARAM | Krishna Bhajans |Radhe,DeepLove Vlogs,https://www.youtube.com/c/DeepLoveVlogs,4.1M views,50:41,https://www.youtube.com/watch?v=a6ZHdriWFjg
This Mantra Helped Me Remove All Obstacles Ganesha Maha Mantra (Vakratunda Mahakaya),Mahakatha - Meditation Mantras,https://www.youtube.com/c/MahakathaMeditationMantras,11M views,59:45,https://www.youtube.com/watch?v=C0yPwkXmI1Y
Diwali Paavangal 2022 | Parithabangal,Parithabangal,https://www.youtube.com/c/Parithabangal,2.4M views,15:34,https://www.youtube.com/watch?v=mPQAXIRBZ04
yuvan hits songs | love songs | U1 songs | yuvan songs | yuvan feeling songs | love feeling songs,Tube Villan,https://www.youtube.com/c/TubeVillan,2.8M views,1:02:20,https://www.youtube.com/watch?v=KRz1HcHRC60
Challenging Google's Top Feeder College Students? Ft. UC Berkeley!,Singh in USA,https://www.youtube.com/c/SinghinUSA,493K views,12:27,https://www.youtube.com/watch?v=9kfScGV6W1Y
Amazon Wildlife In 4K - Animals That Call The Jungle Home | Amazon Rainforest | Relaxation Film,Dream Soul,https://www.youtube.com/channel/UCpwh9JDV_gQETnISqmpFQSA,3.4M views,3:57:25,https://www.youtube.com/watch?v=tzwcUsZvGS0
Kanda Sashti Kavacham | Murugan | ‡Æï‡Æ®‡Øç‡Æ§ ‡Æö‡Æ∑‡Øç‡Æü‡Æø ‡Æï‡Æµ‡Æö‡ÆÆ‡Øç | Original Full,Symphony,https://www.youtube.com/c/Symphonyrecording,166M views,22:58,https://www.youtube.com/watch?v=CfXXMZK9grE
The Return of Mr Bean | Episode 2 | Widescreen Version | Classic Mr Bean,Classic Mr Bean,https://www.youtube.com/c/ClassicMrBean,28M views,25:28,https://www.youtube.com/watch?v=RyHo15EyGcE
Megham Karukatha - Official Video Song | Thiruchitrambalam | Dhanush | Anirudh | Sun Pictures,Sun TV,https://www.youtube.com/c/suntv,58M views,4:43,https://www.youtube.com/watch?v=cEWwJxEq9Lg
Best Hindi Comedy Scenes from Movie Deewane Huye Paagal -  Akshay Kumar - Paresh Rawal - Vijay Raaz,Shemaroo Comedy,https://www.youtube.com/c/shemaroobollywoodcomedy,4M views,20:46,https://www.youtube.com/watch?v=cUJeVkW9ib8
Impossible 0.00001% Odds!,Beast Reacts,https://www.youtube.com/c/BeastReacts,13M views,8:01,https://www.youtube.com/watch?v=DvkTX-AquQo
2 hours nonstop worship songs with lyrics 2020 | 2 hours of Christian songs with lyrics 2020,DD PAW,https://www.youtube.com/channel/UCKVJ5x2WXhwwGqkolyAeJPg,5.5M views,2:01:36,https://www.youtube.com/watch?v=HH0T8Wo6GxQ
Niki and Chris - favorite stories with little brother,Vlad and Niki,https://www.youtube.com/c/VladandNiki,47M views,20:49,https://www.youtube.com/watch?v=eaN-7fBPTEM
SITA RAMAM JUKEBOX || Dulquer Salmaan || Mrunal Thakur || Rashmika Mandanna || Telugu Latest Albums,All Rounder Ayya,https://www.youtube.com/c/AllRounderAyya,715K views,21:08,https://www.youtube.com/watch?v=vJrCGwL03uo
"Dua Lipa, Coldplay, Martin Garrix & Kygo, The Chainsmokers Style - Feeling Me",Deep Mood.,https://www.youtube.com/channel/UCX-USfenzQlhrEJR1zD5IYw,668 watching,,https://www.youtube.com/watch?v=zE-a5eqvlv8
How to Make Notes? UPSC Civil Services | By Srushti Deshmukh IAS | Nagarjun Gowda IAS,IAS BABA,https://www.youtube.com/channel/UChvbVdio9Wgj7Z3nQz1Q0ZQ,893K views,16:01,https://www.youtube.com/watch?v=dbwFoa_yQHM
Har Har Shambhu | Shiv Bhajan Har Har shambhu shiv mahadeva | Abhilipsa Panda | Jeetu Sharma | Shiv,Arjun pandit,https://www.youtube.com/channel/UCaTuyVM13jFEt0-LcWy_vdw,11M views,8:45,https://www.youtube.com/watch?v=ijzh5TyothM
Taarak Mehta Ka Ooltah Chashmah - Episode 386,Sony SAB,https://www.youtube.com/c/sonysab,83M views,20:52,https://www.youtube.com/watch?v=G5yYl7gFDx0
‡Æπ‡Æ∞‡Æø‡Æπ‡Æ∞‡Æ©‡Øç ‡Æö‡ØÇ‡Æ™‡Øç‡Æ™‡Æ∞‡Øç ‡Æπ‡Æø‡Æü‡Øç ‡Æ™‡Ææ‡Æü‡Æ≤‡Øç‡Æï‡Æ≥‡Øç | Hariharan Super Hit Songs | Tamil Music Center,Tamil Music Center,https://www.youtube.com/c/TamilMusicCenter,6.3M views,2:47:01,https://www.youtube.com/watch?v=tXPXuhT5Kd0
"Official Live Telecast from Sachkhand Sri Harmandir Sahib Ji, Amritsar | PTC Punjabi | 07.08.2022",PTC PUNJABI,https://www.youtube.com/c/ptcpunjabi,364K views,3:37:00,https://www.youtube.com/watch?v=51AAe9G5xZU
Day in the life of a 4th year Medical Student | First day back,Zeliha Akpinar,https://www.youtube.com/channel/UChME7blpRpX1ViN-oPBpNmw,882K views,11:33,https://www.youtube.com/watch?v=a44ohQeIuO8
–ú–∞—à–∞ –∏ –ú–µ–¥–≤–µ–¥—å üß§ –ö–æ–ª–ª–µ–∫—Ü–∏—è —Å–µ—Ä–∏–π –ø—Ä–æ –ú–∞—à—É üé¨,Get Movies,https://www.youtube.com/c/getmovies,16M views,11:55:01,https://www.youtube.com/watch?v=jQBv1Cmi5AY
KK - Best of KK Songs | GOAT | Best Bollywood/Romantic Songs Jukebox | Emraan Hashmi,VedisticOP,https://www.youtube.com/channel/UCDmmzlMWDCAQfNsJYXmho4w,2.1M views,1:59:42,https://www.youtube.com/watch?v=NYUNliXrD0c
"PM Modi inspects Shree Ram Janmabhoomi Teerth Kshetra site in Ayodhya, Uttar Pradesh",Narendra Modi,https://www.youtube.com/c/NarendraModi,296K views,26:24,https://www.youtube.com/watch?v=CmnrHkACmyE
FilterCopy | Neighbourhood Romance: Meeting Your Crush After A Long Time | Ft. Devishi & Omkar,FilterCopy,https://www.youtube.com/c/FilterCopy,1.8M views,10:11,https://www.youtube.com/watch?v=QHmtz9rRihA
Best of Arijit Singh Heart Touching Songs _Arijit Singh Songs _Top Very Sad Songs Audio Jukebox,jackson,https://www.youtube.com/user/jackson10089,481K views,1:32:40,https://www.youtube.com/watch?v=2WsL_Qo2jC8
‡§®‡§æ‡§ó ‡§Æ‡§æ‡§§‡§æ ‡§∏‡•Å‡§∞‡§∏‡§æ ‡§î‡§∞ ‡§π‡§®‡•Å‡§Æ‡§æ‡§® ‡§ï‡§æ ‡§Ø‡•Å‡§¶‡•ç‡§ß | Sankat Mochan Mahabali Hanuman 377,Shemaroo TV,https://www.youtube.com/channel/UC5crEdQIbHcsVwOILpJrXHQ,31M views,22:10,https://www.youtube.com/watch?v=DDfI_oIGh5s
YOU CAN CONTROL YOUR MIND AFTER THIS | The monk and cat story | Buddhist story |,Words of Wisdom,https://www.youtube.com/channel/UC14aFPpH4jF3FfRQZojCfeg,312K views,8:05,https://www.youtube.com/watch?v=bNTYkj8a1vA
Living Alone Diaries üõÅ‚úÇÔ∏è üì¶üç¶ | How I do my Small Business? | Arunachali,Yoopa Rebe,https://www.youtube.com/channel/UCE-r-kpaukTn4AMccp8YpsQ,2M views,13:07,https://www.youtube.com/watch?v=h5cKT3t0TzY
Kantara - Varaha Roopam(Lyric Video)| Sai Vignesh | Rishab Shetty | Ajaneesh Loknath | Hombale Films,Hombale Films,https://www.youtube.com/c/HombaleFilms,15M views,4:31,https://www.youtube.com/watch?v=gH_RYRwVrVM
Mangal Bhavan Amangal Hari || ‡§Æ‡§Ç‡§ó‡§≤ ‡§≠‡§µ‡§® ‡§Ö‡§Æ‡§Ç‡§ó‡§≤ ‡§π‡§æ‡§∞‡•Ä || Ramayan Chaupai || Kumar Vishu || Har Har Ganga,Chatore lok,https://www.youtube.com/c/Chatorelok,6.3M views,1:05:26,https://www.youtube.com/watch?v=JvzBZGjnmjE
Flying with Karthi üî•Sardar Interview in AEROPLANE - Irfan's View,Irfan's view,https://www.youtube.com/user/smashingirfan,2.2M views,24:10,https://www.youtube.com/watch?v=lqUZai88FGI
"Main Rahoon Ya Na Rahoon Full Video | Emraan Hashmi, Esha Gupta | Amaal Mallik, Armaan Malik",T-Series,https://www.youtube.com/aashiqui2,334M views,6:47,https://www.youtube.com/watch?v=Dp6lbdoprZ0
DJ Tillu Siddu Jonnalagadda funny counters to Rana Daggubati's comments at South Indian Movie Awards,SIIMA,https://www.youtube.com/c/siimaofficial,942K views,4:05,https://www.youtube.com/watch?v=64VM0dXGW4c
Best Quran Recitation in the World 2016 Emotional Recitation |Heart Soothing by Abdur Rahman Al Ossi,AWAZ,https://www.youtube.com/c/awaz,70M views,28:42,https://www.youtube.com/watch?v=ef8Ci5Zc3ZA
‡§Æ‡§π‡§æ‡§Æ‡•É‡§§‡•ç‡§Ø‡•Å‡§Ç‡§ú‡§Ø ‡§Æ‡§Ç‡§§‡•ç‡§∞ 108 times || Mahamrityunjay Mantra ||,‡§∂‡§®‡§ø ‡§∂‡§§‡•ç‡§∞‡•Å ‡§®‡§π‡•Ä‡§Ç ‡§Æ‡§ø‡§§‡•ç‡§∞ ‡§π‡•à‡§Ç Shree Shanidham,https://www.youtube.com/c/shanidhamdaati,1M views,3:17:21,https://www.youtube.com/watch?v=yj475Hxgz7I
Shankarji Ka Damroo & more Songs Collection | ‡§¨‡§æ‡§≤ ‡§ó‡§£‡•á‡§∂  ‡§∂‡§Ç‡§ï‡§∞‡§ú‡•Ä ‡§ï‡§æ ‡§°‡§Æ‡§∞‡•Ç | Kids Bhakti,Kids Bhakti,https://www.youtube.com/c/ShemarooSunflowerKidz,1.6M views,20:09,https://www.youtube.com/watch?v=TcnVMY33whI
Pasoori - Coke Studio | Season 14 (audio),Top Trend Songs,https://www.youtube.com/channel/UCWIzab8RjYRyRUQnaxGqlkg,183K views,4:37,https://www.youtube.com/watch?v=mrw_TJ7as1Q
My Korean husband doesn‚Äôt click photos with me anymore üòûüá∞üá∑,mylovefromkorea,https://www.youtube.com/channel/UCEhar5BxX2Sz7IShhnSVl7A,2.2M views,12:29,https://www.youtube.com/watch?v=SST3QUT5gDM
Morning Flute :  Relaxing Instrumental Music Meditation ‡§Æ‡§ß‡•Å‡§∞ ‡§¨‡§æ‡§∏‡•Å‡§∞‡•Ä,Mind & Soul,https://www.youtube.com/c/MindSoul,6.3M views,29:59,https://www.youtube.com/watch?v=jlDfzn2107g
Bigg Boss Tamil Season 6 | 28th October 2022 - Promo 2,Vijay Television,https://www.youtube.com/c/VijayTelevision,161K views,0:35,https://www.youtube.com/watch?v=6eouypLLAj8
‡Æá‡Æ∞‡Æµ‡ØÅ ‡Æ™‡Øá‡Æ∞‡ØÅ‡Æ®‡Øç‡Æ§‡ØÅ ‡Æ™‡ÆØ‡Æ£‡Æ§‡Øç‡Æ§‡Æø‡Æ≤‡Øç ‡Æï‡Øá‡Æü‡Øç‡Æü‡ØÅ ‡Æ∞‡Æö‡Æø‡Æ§‡Øç‡Æ§ ‡Æ™‡Ææ‡Æü‡Æ≤‡Øç‡Æï‡Æ≥‡Øç / bus night travel songs tamil / Kavi Musical‚ù§Ô∏èüëçüôè,Raj Audio Vlog 2.0,https://www.youtube.com/channel/UCXMTQzO_LyLsU8cbnY2BCDw,4.1M views,48:18,https://www.youtube.com/watch?v=R7X-7MU3sQM
‡§õ‡§† ‡§™‡•Å‡§ú‡§æ ‡§µ‡§ø‡§∂‡•á‡§∑ | Mowgli Special | ‡§π‡§ø‡§Ç‡§¶‡•Ä ‡§ï‡§π‡§æ‡§®‡•Ä‡§Ø‡§æ‡§Å ‡•§ ‡§ú‡§Ç‡§ó‡§≤ ‡§¨‡•Å‡§ï | ‡§™‡•â‡§µ‡§∞‡§ï‡§ø‡§°‡•ç‡§∏ ‡§ü‡•Ä.‡§µ‡•Ä,PowerKids TV,https://www.youtube.com/c/PowerKids,56M views,51:08,https://www.youtube.com/watch?v=Kk_PaNcmwfI
Dirty Little Secret - Nora Fatehi  Live Performance | Abu Dhabi Dalma Mall,SUBICUTZ,https://www.youtube.com/user/subinsojan,2.2M views,9:47,https://www.youtube.com/watch?v=E_kE6nD4oSg
Durga Amritwani By Anuradha Paudwal I Audio Song Juke Box,T-Series Bhakti Sagar,https://www.youtube.com/c/TSeriesBhaktiSagar,109M views,49:37,https://www.youtube.com/watch?v=1pvfus9rD6Y
‡§π‡§ø‡§Ç‡§¶‡•Ä Oggy and the Cockroaches üîß KEYS & IDEAS üîß Hindi Cartoons for Kids,Oggy Hindi - ‡§π‡§ø‡§®‡•ç‡§¶‡•Ä,https://www.youtube.com/channel/UC9TgvYNUsMBPl6J2xbL-4qg,46M views,26:42,https://www.youtube.com/watch?v=MUMCZZl9QCY
"#TilluSquare - Title Reveal | Siddhu, Anupama Parameswaran | Mallik Ram | S Naga Vamsi",Sithara Entertainments,https://www.youtube.com/c/SitharaEntertainments,5M views,2:13,https://www.youtube.com/watch?v=oOJy-WH1Iyw
Namo Namo - Lyrical |Kedarnath | Sushant Rajput | SaraAli Khan | Amit Trivedi |Amitabh B | 10pm Edit,10pm Edit,https://www.youtube.com/channel/UCd3BWpnR_qhmadKEd1CMHXQ,159K views,5:29,https://www.youtube.com/watch?v=w7p9srLYOJw
‡ÆÖ‡ÆØ‡Æø‡Æï‡Æø‡Æ∞‡Æø‡Æ®‡Æ®‡Øç‡Æ§‡Æø‡Æ©‡Æø | Aigiri Nandini withTamilLyrics | MahishasuraMardini SANSKRIT |‡ÆÖ‡ÆØ‡Æø‡Æï‡Æø‡Æ∞‡Æø ‡Æ®‡Æ®‡Øç‡Æ§‡Æø‡Æ©‡Æø  -,VejayAudios,https://www.youtube.com/c/VejayAudios,2.3M views,1:22:02,https://www.youtube.com/watch?v=OWHVsv3lucA
"Nazz VS Srushti | Nazz, Srushti Tawade | Hustle 2.0",KaanPhod Music,https://www.youtube.com/c/KaanPhodMusic,15M views,3:30,https://www.youtube.com/watch?v=7_TT7jtCJOU
World Best Naat e Rasool  || Be Khud Kiye Dete Hain || Arfana kalam  Owais Raza Qadri,Tayyiba Production,https://www.youtube.com/c/TayyibaProduction,1.6M views,21:14,https://www.youtube.com/watch?v=T8ZCJyGL1Bs
1 Hour Of Night Hindi Lofi Songs To Study \Chill \Relax \Refreshing,Mood Creations,https://www.youtube.com/channel/UCGygZw_Qvj1Mi_Uw6D9R-JA,12M views,1:06:43,https://www.youtube.com/watch?v=rtTI1rh9U5M
The Wheels on the Bus KARAOKE! | BEST OF @Cocomelon - Nursery Rhymes | Sing Along With Me!,Moonbug Kids - Sing Along With Me!,https://www.youtube.com/c/MoonbugKidsSingAlongWithMe,28M views,30:29,https://www.youtube.com/watch?v=EWdkqJFoPsg
Waheguru Simran Bhai Joginder Singh Ji Riar | Shabad Gurbani Kirtan Simran Live | Waheguru Jaap,Shabad Kirtan Gurbani - Divine Amrit Bani,https://www.youtube.com/c/divineamritbani,27M views,58:01,https://www.youtube.com/watch?v=DFVk71WxxBE
"Deva Deva - Lyric Video|BrahmƒÅstra|Amitabh B, Ranbir, Alia|Pritam, Arijit, Jonita",SonyMusicIndiaVEVO,https://www.youtube.com/user/sonymusicindiaVEVO,8.9M views,4:32,https://www.youtube.com/watch?v=L3BGGVJiPS0
‡§π‡•á ‡§¶‡•Å‡§É‡§ñ ‡§≠‡§Ç‡§ú‡§® ‡§Æ‡§æ‡§∞‡•Å‡§§‡§ø ‡§®‡§Ç‡§¶‡§® | Hey Dukh Bhanjan Maruti Nandan | Hanuman Vandana | Bhakti Song,Live Khatu Shyam Sonotek,https://www.youtube.com/channel/UCha-5vjckoBlL8gqJdW3frA,11M views,29:53,https://www.youtube.com/watch?v=u51nZdrafjo
Motu Patlu | ‡§Æ‡•ã‡§ü‡•Ç ‡§™‡§§‡§≤‡•Ç S1 |Adventure Of Mansi And Akash | Episode 236 Part 1 |Download Voot Kids App,Voot Kids,https://www.youtube.com/c/vootkids,77M views,11:49,https://www.youtube.com/watch?v=LiXVaVKlQW8
‡Æé‡Æ©‡Øç‡Æï‡ØÇ‡Æü‡Æµ‡Øá_‡Æá‡Æ∞‡ØÅ‡ÆÆ‡Øç_Yen Koodave lrum_lyrics_Tamil_Christian_song_mp4k,youth for Christ Hit songs Tamil,https://www.youtube.com/channel/UCJ1FOEAYg5LgDvu-H7Zk2Pw,17M views,6:19,https://www.youtube.com/watch?v=6sXffM_7iAw
Bhai Ye Toh Shuru Hote He Khatam Ho Gaya- Arshad Warsi Comedy | MunnaBhai M.B.B.S | Sanjay Dutt,Bolly Shorts,https://www.youtube.com/channel/UCf7v5xxYy2DJFTkF66rDk-w,8.7M views,17:55,https://www.youtube.com/watch?v=41LpO5ThSqU
O pata nahi ji konsa nasha karta hai | hardy sandhu | pata nahi ji konsa nasha karta hai | Sargun M,Arya Sharma,https://www.youtube.com/channel/UCo3wcYIoE3wJVKrY_wrM2Yg,15M views,4:24,https://www.youtube.com/watch?v=6IeL4ZUck2w
2000s Super Hit Love Songs | 2000s Tamil Evergreen Love Songs | Tamil Love Songs | Jukebox-1,Gamified,https://www.youtube.com/c/GamifiedOfficial,5M views,1:20:38,https://www.youtube.com/watch?v=vSvy9mZJdQ4
AISE KYUN (Ghazal Version) | ANURAG SAIKIA | REKHA BHARDWAJ | RAJ SHEKHAR |,Anurag Saikia's Topic,https://www.youtube.com/channel/UC9Hx4Zx8jiwbiGNq6DnsGiA,238K views,5:29,https://www.youtube.com/watch?v=9g2i3aTK4SE
Lalitha Sahasranamam Full - MS Subbalakshmi,BHAKTHI MUSIC | KANNADA DEVOTIONAL | KANNADA SONGS,https://www.youtube.com/c/bakthimusic,3.3M views,58:29,https://www.youtube.com/watch?v=aIXvBUgeFvQ
Inthandham Video Song - Sita Ramam (Telugu) | Dulquer | Mrunal | Vishal | Hanu Raghavapudi,Sony Music South,https://www.youtube.com/c/SonyMusicSouth,17M views,4:02,https://www.youtube.com/watch?v=dOKQeqGNJwY
Top 13 Pahatechi Bhakti Geete | ‡§™‡§π‡§æ‡§ü‡•á‡§ö‡•Ä ‡§≠‡§ï‡•ç‡§§‡•Ä ‡§ó‡•Ä‡§§‡•á | Audio Jukebox,Bhakti World,https://www.youtube.com/c/BhaktiWorld,20M views,59:43,https://www.youtube.com/watch?v=8a1iPQ6pU18
"24 Hit songs Of Ayushmann Khurrana - Nazm Nazm, Naina Da Kya Kasoor, Dil Ka Telephone.....",Zee Music Company,https://www.youtube.com/user/zeemusiccompany,2.9M views,1:13:21,https://www.youtube.com/watch?v=hN4f9POjgEk
"Raataan Lambiyan English Translation | Shershaah | Sidharth, Kiara | Tanishk |Jubin Nautiyal |Asees",Pema Tashi,https://www.youtube.com/channel/UCD3pmqH3tP0UrOdXGQlaPdA,1.3M views,4:51,https://www.youtube.com/watch?v=b-4VG2Xbp4Y
Shayad - Love Aaj Kal | Kartik Aryan | Sara Ali Khan | Randeep Hooda | Pritam | Arijit Singh | 4K,Sony Music India,https://www.youtube.com/c/SonyMusicIndia,7.8M views,3:58,https://www.youtube.com/watch?v=mF2BHtQh4EI
Vadivelu Super Hit Comedy Scenes | Karmegham | Ratchagan | Kadhalan | Evergreen Vadivelu Comedy,AP International,https://www.youtube.com/c/apinternational,3.9M views,31:54,https://www.youtube.com/watch?v=BpIarynfmCs
"‡§∂‡•ç‡§∞‡•Ä ‡§π‡§®‡•Å‡§Æ‡§æ‡§® ‡§ö‡§æ‡§≤‡•Ä‡§∏‡§æ Hanuman Chalisa I GULSHAN KUMAR I HARIHARAN, Full HD Video, Shree Hanuman Chalisa",T-Series Bhakti Sagar,https://www.youtube.com/c/TSeriesBhaktiSagar,2.7B views,9:42,https://www.youtube.com/watch?v=AETFvQonfV8
"Best Hindi Sing-Along Songs - Full Album | Maiyya Mainu, Jaan Ban Gaye, Dil Maang Raha Hai & More",Songs with Lyrics and Karaoke,https://www.youtube.com/channel/UCDQwhmvvl9E8Yq08qy2QeOQ,1.2M views,1:03:04,https://www.youtube.com/watch?v=Jg4-Dgj66S4
"Maiyya Mainu - Lyrical | Jersey | Shahid Kapoor, Mrunal Thakur| Sachet-Parampara| Shellee | Gowtam T",Zee Music Company,https://www.youtube.com/user/zeemusiccompany,102M views,4:02,https://www.youtube.com/watch?v=y7MW7d8fb1Y
The Great Indian Kitchen Tamil Trailer | Aishwarya Rajesh | Jerry Silvester Vincent | R. Kannan,Sony Music South,https://www.youtube.com/c/SonyMusicSouth,2.6M views,1:50,https://www.youtube.com/watch?v=ywIG73tWS10
"""Om Namo Venkatesaya"" Mantra Chanting || Lord Venkateswara Swamy || Devotional-Series",Devotional - Series,https://www.youtube.com/c/DevotionalSeries,8.5M views,1:04:06,https://www.youtube.com/watch?v=oeFlC8XV4M0
Chan Kithan | Ali Sethi (Official Music Video),Ali Sethi,https://www.youtube.com/channel/UCq8E4b6su6DdP7oNdwaWNlg,17M views,5:32,https://www.youtube.com/watch?v=mx1V0f9YLrE
"Gundellonaa - Lyrical | Ori Devuda | Vishwak Sen, Asha | Ashwath Marimuthu | Leon James | Anirudh",Saregama Telugu,https://www.youtube.com/user/saregamasouth,7.2M views,3:32,https://www.youtube.com/watch?v=UCF6QXrg00c
FilterCopy | When A 21 Year Old Falls For A 31 Year Old | Ft. Anushka Kaushik & Rohan Khurana,FilterCopy,https://www.youtube.com/c/FilterCopy,3.3M views,10:05,https://www.youtube.com/watch?v=sq-udj_OtyI
Shiv Shiv Shiv Shambho | Use Headphones For Better Experience üéß | Suraj Belchada‚Ñ¢ | Satyarthi Pratik,Suraj Belchada‚Ñ¢,https://www.youtube.com/c/SurajBelchadaTM,346K views,16:14,https://www.youtube.com/watch?v=KsL4eUbhNiY
‡§Æ‡§Ç‡§ó‡§≤ ‡§≠‡§µ‡§® ‡§Ö‡§Æ‡§Ç‡§ó‡§≤ ‡§π‡§æ‡§∞‡•Ä | ‡§∞‡§æ‡§Æ‡§æ‡§Ø‡§£ ‡§ö‡•å‡§™‡§æ‡§à | ‡§∏‡§Æ‡•ç‡§™‡•Ç‡§∞‡•ç‡§£ ‡§∞‡§æ‡§Æ‡§æ‡§Ø‡§£ | Ravi Raj | Ram Katha 2021,Bhajan Ganga,https://www.youtube.com/channel/UCAN_aMkx4TA_SvSE6K-h7VQ,12M views,1:00:48,https://www.youtube.com/watch?v=prRJ78M4l3s
3  Hours NonStop Ayyappa Devotional Songs | Tamil Devotional Songs,Tamil Devotional,https://www.youtube.com/channel/UChRQOyuw0iXPampyw7LJ1Ig,1.1M views,4:12:08,https://www.youtube.com/watch?v=EQt4SA6Gr-s
Shreya Ghosal Greatest Hits Full Album 2021 Shreya Ghosal Best Songs Playlist 2021,Music,https://www.youtube.com/channel/UCjbaUpdgWWnfsFzLer87yPg,2.5M views,1:18:13,https://www.youtube.com/watch?v=Fk8joSxfH8Q
3_am_Hindi_Lo-fi_Remake_-_Bollywood_Lofi_Jukebox_-_30_min_Mix_To_Relax_Drive_Study_Chill,Bollywood Studio 06-21,https://www.youtube.com/channel/UCkix_Te5ZP3ct3IPYlRfEIA,2.5M views,28:38,https://www.youtube.com/watch?v=hgsma5NSLs0
‡§≤‡•ã‡§ü‡§™‡•ã‡§ü ‡§ï‡§∞ ‡§¶‡•á‡§®‡•á ‡§µ‡§æ‡§≤‡•Ä ‡§ï‡•â‡§Æ‡•á‡§°‡•Ä ‡§∏‡•Ä‡§®‡•ç‡§∏  | Movie  Khatta Meetha | Rajpal Yadav - Johny Lever - Akshay Kumar,Shemaroo Comedy,https://www.youtube.com/c/shemaroobollywoodcomedy,20M views,18:53,https://www.youtube.com/watch?v=7qWiLzxkJVU
HUM AISE APRADHI | BHAI SARABJIT SINGH JI (HAZOORI RAGI SRI DARBAR SAHIB AMRITSAR),Shabad Gurbani,https://www.youtube.com/c/tseriesshabad,3.8M views,1:04:32,https://www.youtube.com/watch?v=FXcomVssYHQ
Oh Pilla Music Video | 4K | Bunnyvox | Varun Babu | Suneel Reddy | The Fantasia Men | S Krishna,Bunny Vox,https://www.youtube.com/channel/UCYK9_Xy6IY1od3ERtY2Kr_w,3.8M views,8:03,https://www.youtube.com/watch?v=EZP9T__5vHQ
Kantara | Singara Siriye | ‡≤∏‡≤ø‡≤Ç‡≤ó‡≤æ‡≤∞ ‡≤∏‡≤ø‡≤∞‡≤ø‡≤Ø‡≥Ü | ‡≤ï‡≤æ‡≤Ç‡≤§‡≤æ‡≤∞,Agastya TV,https://www.youtube.com/channel/UCNZakw7ElMVZ-cpw-RyB9Aw,2M views,4:25,https://www.youtube.com/watch?v=pqb0yGiU1tw
PANIYON SA - ATIF ASLAM Best Songs Collection - Atif Aslam Super Hits Songs | Indian Songs,Music World,https://www.youtube.com/channel/UCMLncAsdV74bMCGkX3k0AvA,752K views,1:23:05,https://www.youtube.com/watch?v=NDacv05wE0k
‡Æ®‡Ææ‡Æ≥‡Øç‡Æ§‡Øã‡Æ±‡ØÅ‡ÆÆ‡Øç ‡Æï‡Ææ‡Æ≤‡Øà‡ÆØ‡Æø‡Æ≤‡Øç ‡Æé‡Æ¥‡ØÅ‡Æ®‡Øç‡Æ§‡Æµ‡ØÅ‡Æü‡Æ©‡Øç ‡Æï‡Øá‡Æü‡Øç‡Æï ‡Æµ‡Øá‡Æ£‡Øç‡Æü‡Æø‡ÆØ ‡Æµ‡Æø‡Æ®‡Ææ‡ÆØ‡Æï‡Æ∞‡Øç ‡Æ™‡Ææ‡Æü‡Æ≤‡Øç‡Æï‡Æ≥‡Øç,SUN MUSIQ BHAKTHI,https://www.youtube.com/channel/UCuC_9eD0_jV-5-YfHCk4hVQ,515K views,43:29,https://www.youtube.com/watch?v=AotaLWWVLr4
"Non Stop Love Mashup üíöüíõüíö Best Mashup of Arijit Singh, Jubin Nautiyal, BPraak, Atif Aslam,Neha Kakkar",New Hindi Songs,https://www.youtube.com/c/MarkvardmusiccTHR,1.1M views,2:24:08,https://www.youtube.com/watch?v=Jv6Pl9UfPeg
Tom & Jerry | Tom & Jerry in Full Screen | Classic Cartoon Compilation | WB Kids,WB Kids,https://www.youtube.com/c/wbkids,263M views,21:38,https://www.youtube.com/watch?v=t0Q2otsqC4I
1990s Tamil love ‚ù§Ô∏è song'süé∂90's hits song'süíûHariharan love hit song'süíï‡Æï‡Ææ‡Æ§‡Æ≤‡Øç ‡Æ™‡Ææ‡Æü‡Æ≤‡Øç‡Æï‡Æ≥‡Øç,Rhythamic Clipsüé∂üéµ,https://www.youtube.com/channel/UCJ1YRLcKKiaj1BVXpqQ6kYg,2.1M views,1:00:01,https://www.youtube.com/watch?v=28iF7a0npJY
Shreya Ghoshal hit songs | ‡Æ∏‡Øç‡Æ∞‡Øá‡ÆØ‡Ææ ‡Æï‡Øã‡Æ∑‡Æ≤‡Øç ‡Æ™‡Ææ‡Æü‡Æ≤‡Øç‡Æï‡Æ≥‡Øç | #Tamilsong,Ar Creation,https://www.youtube.com/user/iplarjun,1.3M views,2:13:21,https://www.youtube.com/watch?v=pIyxQhJc8bY
#kk #kkhitsongs #kkbestsongs  MEGA JUKEBOX | Krishnakumar Kunnath | 1968 - FOREVER | Best Of KK,MIXTALONE,https://www.youtube.com/channel/UCYqvU4RqewgunYE3z3sJEyg,2.3M views,1:47:32,https://www.youtube.com/watch?v=dg33a6QXAk0
"Non Stop Love Mashup üíöüíõüíö Best Mashup of Arijit Singh, Jubin Nautiyal, BPraak, Atif Aslam,Neha Kakkar",New Hindi Songs,https://www.youtube.com/c/MarkvardmusiccTHR,1.2M views,2:00:50,https://www.youtube.com/watch?v=a-vnJyF9FAA
90s ‡Æ≤‡Øç ‡Æ™‡Øá‡Æ∞‡ØÅ‡Æ®‡Øç‡Æ§‡Æø‡Æ≤‡Øç ‡Æï‡Øá‡Æü‡Øç‡Æü‡ØÅ ‡Æ∞‡Æö‡Æø‡Æ§‡Øç‡Æ§ ‡Æ™‡Ææ‡Æü‡Æ≤‡Øç‡Æï‡Æ≥‡Øç üòç‚ù§ | 90s Love Hits | Tamil Superhit Songs  |Tamil Songs |üöÉ,Raj Audio Vlog 2.0,https://www.youtube.com/channel/UCXMTQzO_LyLsU8cbnY2BCDw,2.1M views,1:36:34,https://www.youtube.com/watch?v=nJ94M1n3LsM
Ajith Kumar Super Hit Songs|Tamil Hit Songs|Melody Hits|Evergreen Songs|#AjithKumar,DREAM MUSIC'S,https://www.youtube.com/channel/UCCdl87trGPrPwFBpsWq1t6w,541K views,3:35:01,https://www.youtube.com/watch?v=iAu28JCUmgg
ARMAAN MALIK Best Heart Touching Songs || Bollywood Romantic Jukebox // SONGS OF ARMAAN MALIK 2020,Bollywood Best Songs,https://www.youtube.com/user/Geoffrey612,10M views,1:11:37,https://www.youtube.com/watch?v=PdaZJ7l0Lso
Best of Arijit Singh Songs | Top Arijit Singh heart touching songs | Enthusiastic Edit'z,Enthusiastic Edit'z,https://www.youtube.com/c/EnthusiasticEditz,9.4M views,1:14:10,https://www.youtube.com/watch?v=leFEflp6hSo
Kantara - Singara Siriye |Vijay Prakash|Ananya Bhat |Ajaneesh Loknath |Rishab Shetty|Hombale Films,Hombale Films,https://www.youtube.com/c/HombaleFilms,25M views,5:07,https://www.youtube.com/watch?v=3XShkcOze3s
Sid Sriram Telugu 2021 Songs  Jukebox  Sid Sriram   The Power Behind music,The Power Behind Music,https://www.youtube.com/channel/UCmMluDdLfDpcBz6z5jNQTgQ,1.6M views,47:38,https://www.youtube.com/watch?v=G4pPPSC5l3M
Tom & Jerry | Best Buddies üê≠üê±üê∂ | Classic Cartoon Compilation | WB Kids,WB Kids,https://www.youtube.com/c/wbkids,458M views,29:19,https://www.youtube.com/watch?v=cqyziA30whE
Mind_Relax_Lo-fi_Mash-up_Songs_-_To_Study_Chill_Relax_Refreshing_-_Feel_The_Music,Bollywood Studio 06-21,https://www.youtube.com/channel/UCkix_Te5ZP3ct3IPYlRfEIA,2.6M views,26:30,https://www.youtube.com/watch?v=TWSL9WVSpbw
Chola Chola - Full Video | Ponniyin Selvan - 1 | Tamil | Vikram | AR Rahman | Sathya Prakash,Tips Tamil,https://www.youtube.com/c/TipsTamil,7.4M views,2:50,https://www.youtube.com/watch?v=55Kc0mIyeXM
ACHYUTAM KESHAVAM KRISHNA DAMODARAM | VERY BEAUTIFUL SONG - POPULAR KRISHNA BHAJAN ( FULL SONG ),Spiritual Mantra,https://www.youtube.com/c/spiritualmantra,126M views,50:41,https://www.youtube.com/watch?v=pzzPowh241o
Coke Studio | Season 14 | Pasoori | Ali Sethi x Shae Gill,Coke Studio,https://www.youtube.com/c/cokestudio,424M views,4:37,https://www.youtube.com/watch?v=5Eqb_-j3FDA
‡§Æ‡§π‡§æ‡§Æ‡•É‡§§‡•ç‡§Ø‡•Å‡§Ç‡§ú‡§Ø ‡§Æ‡§Ç‡§§‡•ç‡§∞ 108 times I Mahamrityunjay Mantra I SHANKAR SAHNEY l Full HD Video Song,T-Series Bhakti Sagar,https://www.youtube.com/c/TSeriesBhaktiSagar,355M views,43:50,https://www.youtube.com/watch?v=adyjwFgXRNY
Mind_Relax_Lo-fi_Mash-up_Songs_-_To_Study_Chill_Relax_Refreshing_-_Feel_The_Music,SR Music,https://www.youtube.com/channel/UCMONhu1UyBQ-CEci9WBNCHw,4.1M views,26:53,https://www.youtube.com/watch?v=YmHKXm5YEdc
"Non Stop Love Mashup üíöüíõüíö Best Mashup of Arijit Singh, Jubin Nautiyal, BPraak, Atif Aslam,Neha Kakkar",New Hindi Songs,https://www.youtube.com/c/MarkvardmusiccTHR,170K views,1:18:25,https://www.youtube.com/watch?v=u5R0Q_9bqk0
Best Of Armaan Malik - Armaan Malik new Songs Collection 2019 - Latest Bollywood Romantic Songs 2019,Bollywood Best Songs,https://www.youtube.com/user/Geoffrey612,33M views,1:12:37,https://www.youtube.com/watch?v=oC1lbPdkTFg
Bhai Lakhwinder Singh Ji Hazoori Ragi | Tu Mera Rakha Sabhni Thai | Live Shabad 2021 | Full Shabad,Hazoori Ragi Official,https://www.youtube.com/c/HazooriRagi,3.4M views,57:55,https://www.youtube.com/watch?v=tYunorOhpQQ
‡Æï‡Æ®‡Øç‡Æ§ ‡Æö‡Æ∑‡Øç‡Æü‡Æø ‡Æï‡Æµ‡Æö‡ÆÆ‡Øç | ‡ÆÆ‡ØÅ‡Æ∞‡ØÅ‡Æï‡Æ©‡Øç ‡Æ§‡ÆÆ‡Æø‡Æ¥‡Øç ‡Æ™‡Æï‡Øç‡Æ§‡Æø‡Æ™‡Øç ‡Æ™‡Ææ‡Æü‡Æ≤‡Øç‡Æï‡Æ≥‡Øç| Kanda Sashti #Kavasam | Sashti Kavacham Jukebox,Emusic Abirami,https://www.youtube.com/c/AbiramiEmusic,10M views,1:25:47,https://www.youtube.com/watch?v=VGCcbIlhoMY
‡§ï‡§æ‡§Ø‡§¶‡•á ‡§Æ‡•á‡§Ç ‡§∞‡§π‡•á‡§ó‡§æ ‡§§‡•ã ‡§´‡§æ‡§Ø‡§¶‡•á ‡§Æ‡•á‡§Ç ‡§∞‡§π‡•á‡§ó‡§æ | ‡§ú‡•â‡§®‡•Ä ‡§≤‡•Ä‡§µ‡§∞ ‡§ï‡•Ä ‡§¶‡§æ‡§¶‡§æ‡§ó‡§ø‡§∞‡§ø | ‡§Æ‡§∏‡•ç‡§§‡•Ä ‡§è‡§ï‡•ç‡§∏‡§™‡•ç‡§∞‡•á‡§∏ ‡§Æ‡•Ç‡§µ‡•Ä ‡§∏‡•Ä‡§®,Filmy Duniya,https://www.youtube.com/c/FilmyDuniya4u,15M views,20:00,https://www.youtube.com/watch?v=6hgLvj8GVss
"#Jessica Jessica Lyrical | Prince Songs | Sivakarthikeyan, Maria | Anudeep K.V |  Thaman S",Aditya Music,https://www.youtube.com/c/adityamusic,3.2M views,4:43,https://www.youtube.com/watch?v=De424atiCnY
Lord Murugan Songs | ‡ÆÆ‡ØÅ‡Æ∞‡ØÅ‡Æï‡Æ©‡Øç ‡Æ™‡Æï‡Øç‡Æ§‡Æø ‡Æ™‡Ææ‡Æü‡Æ≤‡Øç‡Æï‡Æ≥‡Øç | Murugan Bakthi Songs | Tamil Music Center,Tamil Music Center,https://www.youtube.com/c/TamilMusicCenter,12M views,1:02:19,https://www.youtube.com/watch?v=ZHiENPlk9tU
"Kesariya - Official Lyric|BrahmƒÅstra|Ranbir, Alia, Pritam, Arijit Singh, Amitabh",SonyMusicIndiaVEVO,https://www.youtube.com/user/sonymusicindiaVEVO,35M views,4:28,https://www.youtube.com/watch?v=g6fnFALEseI
Namo Namo - Lyrical | Kedarnath | Sushant Rajput | Sara Ali Khan | Amit Trivedi | Amitabh B,Zee Music Company,https://www.youtube.com/user/zeemusiccompany,387M views,5:29,https://www.youtube.com/watch?v=dx4Teh-nv3A
Best workout music | Top workout songs | Gym motivation songs,SHUBHAM JAIN,https://www.youtube.com/c/SHUBHAMJAIN139,14M views,55:02,https://www.youtube.com/watch?v=Wvzw24sZfqc
#Night Drive Mashup 2022 NonStop Best Mashup#ArijitSingh #JubinNautiyal#BPraak #AtifAslam#NehaKakkar,JS Pro Music,https://www.youtube.com/c/JSProMusic,395K views,1:43:56,https://www.youtube.com/watch?v=1GWW5sS-aPM
"""Kandha Sashti Kavasam"", By Super Singer Fame Priyanka | Top Tamil News | ‡Æï‡Æ®‡Øç‡Æ§ ‡Æö‡Æ∑‡Øç‡Æü‡Æø ‡Æï‡Æµ‡Æö‡ÆÆ‡Øç |",Top Tamil News,https://www.youtube.com/c/TopTamilNews,17M views,21:36,https://www.youtube.com/watch?v=xItVs07WLsk
ùó®1 üíîùóπùóºùòÉùó≤ ùó≥ùóÆùó∂ùóπùòÇùóøùó≤üá©‚Ääüá∑‚Ääüá∫‚Ääüá¨‚Ääüá∏üò≠ ‚Ääùó∞ùóºùóπùóπùó≤ùó∞ùòÅùó∂ùóºùóªùòÄü•∫ | üÑΩüÑæüÑΩüÖÇüÖÉüÑæüÑø üÑ∑üÑ∏üÖÉüÖÇ,7m beatz,https://www.youtube.com/channel/UCrHoXFH4_bw1mG6W0mXuLng,412K views,1:18:44,https://www.youtube.com/watch?v=maHuKtEiQPA
Siya Ram Jay Ram Jay Jay Ram ‡§∏‡§ø‡§Ø‡§æ ‡§∞‡§æ‡§Æ ‡§ú‡§Ø ‡§∞‡§æ‡§Æ ‡§ú‡§Ø ‡§ú‡§Ø ‡§∞‡§æ‡§Æ | Akhand Ram Dhun | Bhakti Song | Ram Bhajan,Nova Spiritual India,https://www.youtube.com/c/SpiritualIndia,2.5M views,17:51,https://www.youtube.com/watch?v=XDgeALlxDk4
Namo Namo - Full Video | Kedarnath | Sushant Rajput | Sara Ali Khan | Amit Trivedi | Amitabh B,Zee Music Company,https://www.youtube.com/user/zeemusiccompany,122M views,5:04,https://www.youtube.com/watch?v=HFX6AZ5bDDo
Har Har Shambhu Shiv Mahadeva | ‡§π‡§∞ ‡§π‡§∞ ‡§∂‡§Ç‡§≠‡•Ç | Har Har Shambhu |  Abhilipsa Panda ft. Jeetu Sharma,Mandeep Creation,https://www.youtube.com/channel/UC6XamHFrcH7rsqEaZfJeQ3w,11M views,6:31,https://www.youtube.com/watch?v=6NWRDBTPhKk
Waheguru Simran | Bhai Joginder Singh Ji Riar | New Shabad Gurbani | Waheguru Jaap,Gurbani Shabad Kirtan,https://www.youtube.com/channel/UC_vUW3DVQ94bDYwPvV7SBgQ,170K views,58:01,https://www.youtube.com/watch?v=5nbp-3TxQMg
‡§Æ‡§Ç‡§ó‡§≤ ‡§≠‡§µ‡§® ‡§Ö‡§Æ‡§Ç‡§ó‡§≤ ‡§π‡§æ‡§∞‡•Ä | ‡§∞‡§æ‡§Æ‡§æ‡§Ø‡§£ ‡§ö‡•å‡§™‡§æ‡§à | ‡§∏‡§Æ‡•ç‡§™‡•Ç‡§∞‡•ç‡§£ ‡§∞‡§æ‡§Æ‡§æ‡§Ø‡§£ ‡§ï‡§•‡§æ | Ravi Raj | Ram Katha 2021,Bhakti Gaana,https://www.youtube.com/channel/UCWRgOtbFkXuUehDqBn6fp4Q,20M views,1:00:48,https://www.youtube.com/watch?v=Xq5im6BrhTw
‡Æ§‡ÆÆ‡Æø‡Æ¥‡Øç ‡Æï‡Æø‡Æ±‡Æø‡Æ∏‡Øç‡Æ§‡Æµ ‡Æ™‡Ææ‡Æü‡Æ≤‡Øç‡Æï‡Æ≥‡Øç Tamil Christian songs,Tamil Christian Matrix,https://www.youtube.com/channel/UCk1qVmZHsXirQ69ggORpWhQ,624K views,1:20:30,https://www.youtube.com/watch?v=k6Y9KF4A0eI
‡§∞‡§æ‡§Æ‡§æ‡§Ø‡§£ ‡§ö‡•å‡§™‡§æ‡§à | Ramayan Chaupai | ‡§∏‡§Æ‡•ç‡§™‡•Ç‡§∞‡•ç‡§£ ‡§∞‡§æ‡§Æ‡§æ‡§Ø‡§£ | ‡§Æ‡§Ç‡§ó‡§≤ ‡§≠‡§µ‡§® ‡§Ö‡§Æ‡§Ç‡§ó‡§≤ ‡§π‡§æ‡§∞‡•Ä || Kumar Vishu ||  Ram Katha,Sonotek Bhakti,https://www.youtube.com/c/SonotekBhakti,44M views,1:05:34,https://www.youtube.com/watch?v=nJuWV5ryiu8
Japji Sahib Full Live Path Bhai Manpreet Singh Ji Kanpuri | Nitnem | New Shabad Gurbani Kirtan Live,Shabad Kirtan Gurbani - Divine Amrit Bani,https://www.youtube.com/c/divineamritbani,8M views,19:16,https://www.youtube.com/watch?v=SC1gipmk214
Sri Venkateswara Suprabhatam,Bhakthi Manasa,https://www.youtube.com/channel/UCq1FFvcLlWSHmzPgGp8HvcQ,7.2M views,20:40,https://www.youtube.com/watch?v=SeTszMLd2Yk
Best of Arijit Singhs 2022 | Arijit Singh Hits Songs | Latest Bollywood Songs | Indian songs.,A-serise,https://www.youtube.com/c/Tseries2022,16M views,52:32,https://www.youtube.com/watch?v=_z8UyrLlM7k
John Jebaraj Super Hit Song Collection | Tamil Christian Song | Levi Ministries | Tamil Christian,Tamil Christian,https://www.youtube.com/channel/UCNrN5DSokywdxfSZS5DK5Qg,92K views,1:06:09,https://www.youtube.com/watch?v=JwAA_9X9RHM
Ram Siya Ram | Lofi Version | Mangal Bhavan Amangal Hari,Mahi,https://www.youtube.com/channel/UClA2TVHyfmp3JAU9neoQqVQ,5.5M views,4:38,https://www.youtube.com/watch?v=uqowfROmEw0
Old Vs New Bollywood Mashup Song 2020 | New Love Mashup Songs 2020 Hits | Latest Hindi songs 2020,Bollywood Mashupp,https://www.youtube.com/user/DoctoresseBonneto,3.5M views,11:54:56,https://www.youtube.com/watch?v=8qL8QnWMRuE
"Back to Back Comedy Scenes - Housefull 2 - Housefull 3 | Akshay, Riteish, John, Boman, Ranjeet",Eros Now Movies Preview,https://www.youtube.com/c/ErosNowMoviesPreview,5.2M views,18:29,https://www.youtube.com/watch?v=5N-uo32Rhj8
Hey Dukh Bhanjan | Jaya Kishori | Hanuman Janmotsav,Iamjayakishori,https://www.youtube.com/c/Iamjayakishori,6M views,8:46,https://www.youtube.com/watch?v=FxsKoUaMpa0
Diwali At Gokuldham - Taarak Mehta Ka Ooltah Chashmah - Throwback,Sony SAB,https://www.youtube.com/c/sonysab,11M views,19:01,https://www.youtube.com/watch?v=st-zq9Gt4NQ
Venkateshwara Suprabhatam - Full Version Original | Suprabhatam | Venkateswara Swamy Devotional Song,Nova Spiritual India,https://www.youtube.com/c/SpiritualIndia,18M views,24:58,https://www.youtube.com/watch?v=AzJ38LSBEpQ
Famous Powerful Gayatri Mantra 108 Times | Om Bhur Bhuva Swaha | ‡§ó‡§æ‡§Ø‡§§‡•ç‡§∞‡•Ä ‡§Æ‡§Ç‡§§‡•ç‡§∞  | ‡§ì‡§Æ ‡§≠‡•Ç‡§∞ ‡§≠‡•Å‡§µ‡§æ ‡§∏‡•ç‡§µ‡§æ‡§π‡§æ,Spiritual Mantra,https://www.youtube.com/c/spiritualmantra,43M views,58:32,https://www.youtube.com/watch?v=v2QMWlVAyD8
‡Æö‡Æ£‡Øç‡ÆÆ‡ØÅ‡Æï ‡Æï‡Æµ‡Æö‡ÆÆ‡Øç | Shanmuga Kavasam Full with Tamil Lyrics | Dr. Seerkazhi S.Govindarajan | ‡Æ§‡ÆÆ‡Æø‡Æ¥‡Øç ‡Æµ‡Æ∞‡Æø‡Æï‡Æ≥‡Øç,Ambuli Studios,https://www.youtube.com/c/AmbuliStudios,5.4M views,21:24,https://www.youtube.com/watch?v=F0LjOI7lfW4
Ram Siya Ram | Lofi Version | Mangal Bhavan Amangal Hari | Lofi Heaven - Slowed + Reverb, ü·¥è“ì…™_ ú·¥á·¥Ä·¥†·¥á…¥,https://www.youtube.com/channel/UCvh11Mb9Vnn4AbPdiV8aoIg,1.5M views,4:37,https://www.youtube.com/watch?v=1ZAhbLaC8Kg
RAM SIYA RAM SIYA RAM JAY JAY RAM,VAJAN KIRTAN,https://www.youtube.com/channel/UCq9O9nxCnhUcWiQUnXbve1A,295K views,4:45,https://www.youtube.com/watch?v=-cFVgP2V-Mg
Hanuman Chalisa | Hanuman Chalisa Song | Hanumanji | The Legend of Hanuman | Bajrangi | Ram Hanuman,Ram Hanuman Creations,https://www.youtube.com/channel/UCrtHfWAE7ovL40nYOOll_3g,1.2M views,9:38,https://www.youtube.com/watch?v=r5-i4IZqUxY
"‡§∂‡•ç‡§∞‡•Ä ‡§π‡§®‡•Å‡§Æ‡§æ‡§® ‡§ö‡§æ‡§≤‡•Ä‡§∏‡§æ I Shree Hanuman Chalisa I GULSHAN KUMAR, HARIHARAN I Hanuman Chalisa Ashtak",T-Series Bhakti Sagar,https://www.youtube.com/c/TSeriesBhaktiSagar,304M views,46:47,https://www.youtube.com/watch?v=LUx8wlA_dk8
Ram Siya Ram | Slowed and Reverb Lofi Mix,Somi Lofi,https://www.youtube.com/channel/UCf2MlC77j94g5QtlZZlQ6Aw,747K views,4:48,https://www.youtube.com/watch?v=_-msM-czi8g
Kesariya - Brahmastra | Ranbir Kapoor | Alia Bhatt | Pritam | Arijit Singh #tseriesmusic #audiosong,Evergreen Music Hits,https://www.youtube.com/channel/UC_1o10R-lMYqabPc_tPFe2w,995K views,4:19,https://www.youtube.com/watch?v=QXYx_gNInyo
Tamil Christian Best  Songs | Father.S.J. Berchmans | Holy gospel Music,Holy Gospel Music,https://www.youtube.com/channel/UCtl10uIgsS2IrokwRoJ60SQ,3.5M views,4:44:21,https://www.youtube.com/watch?v=YtFRnMrMkXw
MADHURASHTAKAM | ‡§Æ‡§ß‡•Å‡§∞‡§æ‡§∑‡•ç‡§ü‡§ï‡§Æ‡•ç | POPULAR NEW SHRI KRISHNA BHAJAN | VERY BEAUTIFUL SONG,Spiritual Mantra,https://www.youtube.com/c/spiritualmantra,19M views,33:50,https://www.youtube.com/watch?v=YIU-7ZesjTU
Kesariya - BrahmƒÅstra | Ranbir Kapoor | Alia Bhatt | Pritam | Arijit Singh | Amitabh Bhattacharya,Sony Music India,https://www.youtube.com/c/SonyMusicIndia,274M views,2:53,https://www.youtube.com/watch?v=BddP6PYo2gs
Ram Amritwani By Anuradha Paudwal Full Audio Song Juke Box,T-Series Bhakti Sagar,https://www.youtube.com/c/TSeriesBhaktiSagar,59M views,48:56,https://www.youtube.com/watch?v=lBUxbFU0E9E
Vin Boleya Sab Kish Janda - Jukebox | Bhai Joginder Singh Ji Riar | Gurbani Kirtan - Amritt Saagar,Gurbani Shabad Kirtan - Amritt Saagar,https://www.youtube.com/c/amrittsaagar,13M views,59:11,https://www.youtube.com/watch?v=mQlatEagSp4
"Non Stop Love Mashup üíöüíõüíö Best Mashup of Arijit Singh, Jubin Nautiyal, BPraak, Atif Aslam,Neha Kakkar",New Hindi Songs,https://www.youtube.com/c/MarkvardmusiccTHR,1M views,1:40:20,https://www.youtube.com/watch?v=_0qpdQlsp1o
‡§Æ‡§π‡§æ‡§Æ‡•É‡§§‡•ç‡§Ø‡•Å‡§Ç‡§ú‡§Ø ‡§Æ‡§Ç‡§§‡•ç‡§∞ 108 times || Mahamrityunjay Mantra ||,‡§∂‡§®‡§ø ‡§∂‡§§‡•ç‡§∞‡•Å ‡§®‡§π‡•Ä‡§Ç ‡§Æ‡§ø‡§§‡•ç‡§∞ ‡§π‡•à‡§Ç Shree Shanidham,https://www.youtube.com/c/shanidhamdaati,1.1M views,2:46:40,https://www.youtube.com/watch?v=v1O2Yn683I4
Sai Ram Sai Shyam Sai Bhagwan Shirdi Ke Daata sabse Mahaan,Prince Tiwari Vlogs,https://www.youtube.com/c/PrinceTiwariVlogs1,15M views,27:44,https://www.youtube.com/watch?v=p_LA2j5iD8w
VISHNU STOTRAM (POSITIVITY OF SOUL),devotional path,https://www.youtube.com/channel/UCWIN1ritzzSzsJ0Nti4L2hg,10M views,4:38,https://www.youtube.com/watch?v=jNDFRzls9Yk
Peaceful Aum namah Shivaya Mantra,Rafael Cavalheri,https://www.youtube.com/c/RafaelCavalhericavalherirafael,677K views,1:03:19,https://www.youtube.com/watch?v=DT_hbAYoi0c
"Non Stop Love Mashup üíöüíõüíö Best Mashup of Arijit Singh, Jubin Nautiyal, BPraak, Atif Aslam,Neha Kakkar",New Hindi Songs,https://www.youtube.com/c/MarkvardmusiccTHR,628K views,2:00:49,https://www.youtube.com/watch?v=cBObNKzW6Nk
Om Namah Shivaya | 1008 Times Chanting,Mystica Music,https://www.youtube.com/c/MysticaMusicRecords,17M views,11:24:56,https://www.youtube.com/watch?v=vmNjc_EzQx8
Namo Namo Hindi  Lyrics - ‡§®‡§Æ‡•ã ‡§®‡§Æ‡•ã ‡§ú‡•Ä ‡§∂‡§Ç‡§ï‡§∞‡§æ |Kedarnath | Amit Trivedi |Sushant Rajput|Sara Ali Khan,Creative Lab _Entertainment Inspirational Spiritual,https://www.youtube.com/channel/UCqaegWZl1waVSIzsC-HR7Lw,2.4M views,5:04,https://www.youtube.com/watch?v=7wqG6ocRxrk
Famous Powerful Gayatri Mantra 108 Times | Om Bhur Bhuva Swaha | ‡§ó‡§æ‡§Ø‡§§‡•ç‡§∞‡•Ä ‡§Æ‡§Ç‡§§‡•ç‡§∞  | ‡§ì‡§Æ ‡§≠‡•Ç‡§∞ ‡§≠‡•Å‡§µ‡§æ ‡§∏‡•ç‡§µ‡§æ‡§π‡§æ,Spiritual Mantra,https://www.youtube.com/c/spiritualmantra,1.6K watching,,https://www.youtube.com/watch?v=ftxxBmRP2n4
Best 15 Songs Shreya Ghoshal Hindi Hits Collection 2021,Music,https://www.youtube.com/channel/UCjbaUpdgWWnfsFzLer87yPg,3.5M views,1:18:13,https://www.youtube.com/watch?v=Hyk5SiC7TU0
"Non Stop Love Mashup üíöüíõüíö Best Mashup of Arijit Singh, Jubin Nautiyal, BPraak, Atif Aslam,Neha Kakkar",New Hindi Songs,https://www.youtube.com/c/MarkvardmusiccTHR,795K views,1:31:40,https://www.youtube.com/watch?v=3M9Oh4Hq1qE
NISHANKH HOI RE MANA - TARAKMANTRA BY ANURADHA PAUDWAL || TRADITIONAL - DEVOTIONAL SONGS,T-Series Bhakti Marathi,https://www.youtube.com/c/TSeriesBhaktiMarathi,146M views,22:25,https://www.youtube.com/watch?v=tabGtc0MmZ4
Shri Hari Stotram | Meaning in Hindi,Svatantra Sanskriti,https://www.youtube.com/channel/UCPnyJXkBRWfX4GMkwdhl9Yw,36M views,4:40,https://www.youtube.com/watch?v=szZrVN6UQM4
Shreeman Narayan Narayan Hari Hari - Dhun,Studio Sangeeta,https://www.youtube.com/c/StudioSangeeta,227M views,19:25,https://www.youtube.com/watch?v=MuVrsDfgwI0
Ram Siya Ram (Slowed + Reverb) Lofi |  Mangal Bhawan Amangal Haari #Lofi Bhakti Lofi Song,3 Am Lofi Vibes,https://www.youtube.com/channel/UCPiAN3LbXXLLNEhkq4w4-tg,5.7M views,4:48,https://www.youtube.com/watch?v=OoR1jiEw724
Shri Hanuman Chalisa Bhajans By Hariharan Full Audio Songs Juke Box   YouTube 360p,Srisai TV,https://www.youtube.com/channel/UCzpysFQW_oqYEcI9FsBSqrQ,123M views,55:31,https://www.youtube.com/watch?v=UzdLbpQ-enM
Best Of Romantic Bollywood Love Mashups ROMANTIC MASHUP SONGS 2020 | Hindi Songs Mashup #lovesong,Legendary Mashups 1.1M,https://www.youtube.com/channel/UC94tKmtvM_oG9hxs34HGDKA,435K views,19:54,https://www.youtube.com/watch?v=IAcykO5ycxM
‡§¶‡•á‡§ñ‡§ø‡§è Dr. Gulati ‡§ï‡•á Thug Life ‡§ï‡•ã | The Kapil Sharma Show | Most Viewed,SET India,https://www.youtube.com/c/setindia,13M views,42:23,https://www.youtube.com/watch?v=9YSbflKeOZQ
Om Namo Sainathaya Namaha | Suresh Wadkar | Aarti Sai Baba Ki | Shirdi Majhe Pandharpur | Sai bhajan,Spiritual Mantra,https://www.youtube.com/c/spiritualmantra,23M views,43:38,https://www.youtube.com/watch?v=EGgyX-ZWhXk
"Cash | Prince Movie Team - Anudeep KV ,Sivakarthikeyan,Maria,Rahul |22nd October 2022 | Full Episode",etvteluguindia,https://www.youtube.com/etvtelugu,3.5M views,47:44,https://www.youtube.com/watch?v=Ilkdng-lMUI
‡§∞‡§æ‡§ß‡•á ‡§∞‡§æ‡§ß‡•á ‡§¨‡§∞‡§∏‡§æ‡§®‡•á ‡§µ‡§æ‡§≤‡•Ä ‡§∞‡§æ‡§ß‡•á || ORIGINAL RADHE RADHE BARSANE WALI RADHE || 84 KOS YATRA|| VIPUL MUSIC,VIPUL MUSIC COMPANY,https://www.youtube.com/c/VIPULMUSICCOMPANY,308M views,44:54,https://www.youtube.com/watch?v=4rURry0UFB8
Surah Yasin (Yaseen) | By Sheikh Abdur-Rahman As Sudais | Full With Arabic Text (HD) | 36-ÿ≥Ÿàÿ±€É€åÿ≥,Daily Recitation TV HD,https://www.youtube.com/c/DailyRecitationTVHD,102M views,12:40,https://www.youtube.com/watch?v=FZiVSI1jpjo
JAGJIT SINGH I Ehee Naam Hai Adhara I Satnam Shri Waheguru I SHABAD GURBANI,Shabad Gurbani,https://www.youtube.com/c/tseriesshabad,16M views,46:01,https://www.youtube.com/watch?v=SIqag-x5gqI
Surah Baqarah al-Sudais & al-Shuraim with Arabic Text ÿ≥Ÿàÿ±€Å ÿ®ŸÇÿ±€Å,Tauhid 1st,https://www.youtube.com/user/tauhid1st,17M views,1:32:10,https://www.youtube.com/watch?v=alcHnK_7QVc
Old MacDonald! | 2 HOUR CoComelon Nursery Rhymes and Kids Songs,Moonbug Kids - Fun with Friends!,https://www.youtube.com/channel/UCwLXUv8Dhgw79Y_rfHn6tDA,13M views,1:57:25,https://www.youtube.com/watch?v=JWPS3WJw4Vo
Waheguru - Simran | Wonderful Smooth Voice | One Hour Simran | Naam Khumari,Naam Khumari,https://www.youtube.com/channel/UCNhXZpa_czUZATqvKQmDzJg,330K views,45:42,https://www.youtube.com/watch?v=eKNuAMMamAg
Bhediya: Official Trailer 4K | Varun Dhawan | Kriti Sanon | Dinesh Vijan | Amar Kaushik | 25th Nov,Maddock Films,https://www.youtube.com/c/MaddockFilms,45M views,2:55,https://www.youtube.com/watch?v=d_BPlvbw_ok
Mind Relaxing Songüòåüéß| Relaxing Music | Mind fresh Music | Sleep song,·¥†·¥Ä…¥Íú± ú…™.·¥†3,https://www.youtube.com/channel/UCkV5RLvGxniIt0HhyOuklgA,14M views,6:48,https://www.youtube.com/watch?v=ocRNLnZiYYQ
From 3LPA CTC in Accenture  to 58LPA CTC Walmart | How to negotiate,Fraz,https://www.youtube.com/c/FrazMohammad,272K views,21:57,https://www.youtube.com/watch?v=wow0VjbwDRM
Surah Yasin (Yaseen) | By As-Sudais | Al-Ghamdi | Ash-Shuraim | Full With Arabic Text (HD),Daily Recitation TV HD,https://www.youtube.com/c/DailyRecitationTVHD,48M views,36:13,https://www.youtube.com/watch?v=8kxs6rQs4aY
üî¥ LIVE STREAM üé¨ Masha and the Bear üë∏Never have I ever üòõüòò,Masha and The Bear,https://www.youtube.com/c/MashaBearEN,3.1M views,10:50:17,https://www.youtube.com/watch?v=3nC7mhHlNl4
"Inside The Royal Life of AIIMS, Delhi: Fees, Hostel Tour, Doctors Lifestyle",Singh in USA,https://www.youtube.com/c/SinghinUSA,6.3M views,11:01,https://www.youtube.com/watch?v=0nDLjN4RogQ
‡§Ü‡§ú ‡§ï‡•á ‡§¶‡§ø‡§® ‡§Ø‡§π ‡§µ‡§ø‡§∑‡•ç‡§£‡•Å ‡§µ‡§ø‡§∑‡•ç‡§£‡•Å ‡§ß‡•Å‡§®‡§ø ‡§ú‡§∞‡•Ç‡§∞ ‡§∏‡•Å‡§®‡•á| ‡§∂‡•ç‡§∞‡•Ä‡§Æ‡§® ‡§®‡§æ‡§∞‡§æ‡§Ø‡§£ ‡§®‡§æ‡§∞‡§æ‡§Ø‡§£ ‡§π‡§∞‡•Ä ‡§π‡§∞‡•Ä | Shreeman Narayan Narayan,Chanda Pop Songs,https://www.youtube.com/channel/UCx3--yoxFz4RF13KMGH7__g,659 watching,,https://www.youtube.com/watch?v=gopGCSdJEGw
Surah Rahman With Urdu Translation full | Qari Al Sheikh Abdul Basit Abdul Samad,RZ Islamic Studio,https://www.youtube.com/channel/UCtl_8gm2-C4uax_N3nI2nsw,9.8M views,23:01,https://www.youtube.com/watch?v=2UTeGnGqLLg
"üî¥ Deep Focus 24/7 - Ambient Music For Studying, Concentration, Work And Meditation",4K Video Nature - Focus Music,https://www.youtube.com/channel/UCNlfGuzOAKM1sycPuM_QTHg,280 watching,,https://www.youtube.com/watch?v=laKM6NOrdbA
Vlad and Niki - Best funny stories with Toys for kids,Vlad and Niki,https://www.youtube.com/c/VladandNiki,69M views,31:15,https://www.youtube.com/watch?v=pI0A4mNXQck
"Taaron Ka Chamkta Gehna Ho | ‚ù§Wedding Song‚ù§ | Hum Tumhare Hain Sanam 2002 | Udit Narayan, Salman",Cover Tazzy,https://www.youtube.com/channel/UCGHnDJD4Kl84MT2WP8oHYOg,5K views,7:05,https://www.youtube.com/watch?v=SeuENr7H3sE
Top 50 Songs of MS Subbulakshmi | Srimannarayan (Raga Bhowli) | Brahma Kadigina | Carnatic Music,Saregama Carnatic,https://www.youtube.com/c/saregamacarnatic,745K views,6:03:13,https://www.youtube.com/watch?v=TqAsVni3KII
"Woke up at 2:40 AM to Study *18+Hrs/day for Mains | UPSC Preparation Vlog-01,#upscstruggle #ips #ias",Study UPSC IAS with Ritu Ma'am,https://www.youtube.com/channel/UC9nXu8lXgNPno2imDNqctZw,5.1M views,15:04,https://www.youtube.com/watch?v=oQLBEXm1GZE
"Pardesi Pardesi Jana Nahin üíî Sad Song üíî HD, Raja Hindustani (1996) Aamir Khan, Karishma Kapoor",King Kumar,https://www.youtube.com/channel/UCseFllVsEGBshl2W_8ZapiQ,984K views,6:13,https://www.youtube.com/watch?v=rMTzcIwND9U
‡§∏‡§Æ‡•ç‡§™‡•Ç‡§∞‡•ç‡§£ ‡§∏‡•Å‡§®‡•ç‡§¶‡§∞‡§ï‡§æ‡§£‡•ç‡§° ‡§™‡§æ‡§† | Sampurn SunderKand | Prem Prakash Dubey,Prem Prakash Dubey,https://www.youtube.com/channel/UC3cSgNdxKJl0VjgqnQJ2dtQ,20M views,1:09:12,https://www.youtube.com/watch?v=CFxjVOyKcs8
"‚ÄúProud of him‚Ä¶‚Äù, says Narayana Murthy on son-in-law Rishi Sunak, UK‚Äôs next PM",ANI News,https://www.youtube.com/c/ANINewsIndia,769K views,1:14,https://www.youtube.com/watch?v=KtlJe1LKFno
Amitabh ‡§î‡§∞ Jaya ‡§ú‡•Ä ‡§ï‡•Ä ‡§ñ‡§ü‡•ç‡§ü‡•Ä-‡§Æ‡•Ä‡§†‡•Ä Memories | Kaun Banega Crorepati 14 | Celebrity Moments,SET India,https://www.youtube.com/c/setindia,9.5M views,10:33,https://www.youtube.com/watch?v=NttbpRBiN84
Surah Yasin | Surah Rahman | Surah Waqia | Surah Mulk | By Sheikh Abdur-Rahman Al-Ossi | With Text,Daily Recitation TV HD,https://www.youtube.com/c/DailyRecitationTVHD,20M views,42:09,https://www.youtube.com/watch?v=a1CnhldX8lA
"Dil Deewana Na Jaane Kab Kho Gaya | ‚ù§Ô∏èLove Song‚ù§Ô∏è | Daag: The Fire (1999) Anuradha Paudwal, Kumar",Cover Tazzy,https://www.youtube.com/channel/UCGHnDJD4Kl84MT2WP8oHYOg,2.1M views,7:08,https://www.youtube.com/watch?v=Ta953rGaS-0
The Most Popular Of Manzil | Manzil Dua Full | Kale Jadu Ka Tod | Kale Jadu Se Hifazat Ka Wazifa,Quran WorldWide 10M,https://www.youtube.com/c/QuranWorldWide10M,6.4M views,33:52,https://www.youtube.com/watch?v=G1HJxLH0GMs
Gundellona Song - Ori Devuda ( Bass Boosted ) Song || 5.1 Dolby Digital || 2022 #anirudh #oridevuda,Extreme Bass Nation,https://www.youtube.com/channel/UCsJ2gOb_8wM94tyBClVr9uA,231K views,3:13,https://www.youtube.com/watch?v=9GXWARQXUfg
How One Nation One Police will change India? ONOP | UPSC Mains GS2,StudyIQ IAS,https://www.youtube.com/c/StudyIQcoachingcenter,641K views,21:35,https://www.youtube.com/watch?v=yESA3oOgWA0
Morning Mantra - Shree Ganesh Mantra - Om Gan Ganpataye Namo Namah By Sadhana Sargam,Sai Aashirwad,https://www.youtube.com/c/saiaashirwad,30M views,15:51,https://www.youtube.com/watch?v=99AWvxyo-Kw
"‡§¶‡•Ä‡§™‡§æ‡§µ‡§≤‡•Ä Special ‡§≠‡§ú‡§® Mere Ghar Aao Lakshmi Maa I Lakshmi Bhajans I ANURADHA PAUDWAL,Deepawali Special",T-Series Bhakti Sagar,https://www.youtube.com/c/TSeriesBhaktiSagar,9.3M views,46:01,https://www.youtube.com/watch?v=LbrI3NOE6Lk
‡§Ü‡§ú ‡§ï‡•á ‡§¶‡§ø‡§® ‡§∏‡•Å‡§¨‡§π ‡§∏‡•Å‡§¨‡§π ‡§Ø‡§π ‡§∂‡•ç‡§∞‡•Ä‡§Æ‡§® ‡§®‡§æ‡§∞‡§æ‡§Ø‡§£ ‡§π‡§∞‡•Ä ‡§π‡§∞‡•Ä ‡§ß‡•Å‡§® ‡§∏‡•Å‡§®‡§®‡•á ‡§∏‡•á ‡§µ‡§ø‡§∑‡•ç‡§£‡•Å ‡§ú‡•Ä ‡§™‡•ç‡§∞‡§∏‡§® ‡§π‡•ã‡§§‡•á ‡§π‡•à Shriman Narayan,Chanda Pop Songs,https://www.youtube.com/channel/UCx3--yoxFz4RF13KMGH7__g,800 watching,,https://www.youtube.com/watch?v=--Wwajqfou0
AYYAPPAN | SABARIMALA PILGRIMAGE APRIL 2022 VIDEOS | TRIUNELVELI | PAMBA | SABARIMALA | SANNIDHANAM,Sabari Graphics,https://www.youtube.com/channel/UC35pDd8-hO8gjYRxBIHSnKg,1.8M views,53:41,https://www.youtube.com/watch?v=_EJsrct1GLM
‡§Æ‡§Ç‡§ó‡§≤ ‡§≠‡§µ‡§® ‡§Ö‡§Æ‡§Ç‡§ó‡§≤‡§π‡§æ‡§∞‡•Ä | ‡§∞‡§æ‡§Æ‡§æ‡§Ø‡§£ ‡§ö‡•å‡§™‡§æ‡§à | Mangal Bhawan Amangalhari | Ramyan Chaupai Song | Loard Rama,Mantra Aarti Sonotek,https://www.youtube.com/channel/UCGNKwcZiMfvDuc2_sqsTUOA,9.6M views,50:27,https://www.youtube.com/watch?v=nJEdCTGTDwU
‡§∞‡§æ‡§Æ‡§æ‡§Ø‡§£ ‡§ï‡§•‡§æ - ‡§ï‡•Å‡§Æ‡•ç‡§≠‡§ï‡§∞‡•ç‡§£ ‡§ï‡•ã ‡§Ø‡•Å‡§¶‡•ç‡§ß ‡§ï‡•á ‡§≤‡§ø‡§è ‡§ú‡§ó‡§æ‡§®‡§æ | ‡§ï‡•Å‡§Æ‡•ç‡§≠‡§ï‡§∞‡•ç‡§£ ‡§∞‡§æ‡§µ‡§£ ‡§∏‡§Ç‡§µ‡§æ‡§¶ ‡•§ ‡§ï‡•Å‡§Æ‡•ç‡§≠‡§ï‡§∞‡•ç‡§£ ‡§µ‡§ß,Tilak,https://www.youtube.com/c/Tilak,87M views,1:07:37,https://www.youtube.com/watch?v=NqPb_ih5ecM
Going To Public Places With Shahrukh Khan - Prank | ‡§Ü‡§ú ‡§§‡•ã ‡§™‡•Ç‡§∞‡§æ ‡§∂‡§π‡§∞ ‡§™‡§æ‡§ó‡§≤ ‡§π‡•ã ‡§ó‡§Ø‡§æ üò±,The Experiment TV,https://www.youtube.com/c/TheExperimentTv,13M views,18:08,https://www.youtube.com/watch?v=9UfYAQKlMeM
Surah Rahman With Urdu Translation full | Qari Al Sheikh Abdul Basit Abdul Samad,geo islam,https://www.youtube.com/c/Geoislam,78M views,23:01,https://www.youtube.com/watch?v=2-dndZVOPEM
‡§Æ‡§π‡§æ‡§Æ‡•É‡§§‡•ç‡§Ø‡•Å‡§Ç‡§ú‡§Ø ‡§Æ‡§Ç‡§§‡•ç‡§∞ | Mahamrityunjay Mantra 108 Times | Mahamrityunjaya Mantra Lyrics | Shiv Mantra,Bhajan India,https://www.youtube.com/c/bhajanindia,6.7M views,57:05,https://www.youtube.com/watch?v=-vgL2HfIHgk
OPPO Exposedüî•üî•üî•,Technical Guruji,https://www.youtube.com/c/TechnicalGuruji,1.5M views,9:09,https://www.youtube.com/watch?v=bJUc_VQXjj0
Can you really afford a house in Bengaluru?,Wint Wealth,https://www.youtube.com/c/WintWealth01,227K views,8:25,https://www.youtube.com/watch?v=5dOqX5s29Xo
"Ab Tere Dil Mein Hum Aa Gaye | ‚ù§Ô∏èLove Song‚ù§Ô∏è | Aarzoo 1999 | Alka Yagnik, Kumar Sanu",Cover Tazzy,https://www.youtube.com/channel/UCGHnDJD4Kl84MT2WP8oHYOg,880K views,7:26,https://www.youtube.com/watch?v=ICZmeReTtoY
Can one woman destroy Britain? | Truth about UK's failing economy | Abhi and Niyu,Abhi and Niyu,https://www.youtube.com/c/AbhiandNiyu,2M views,9:34,https://www.youtube.com/watch?v=A4w8qrug6X4
"‡§ú‡§¨ ‡§µ‡§∏‡•Ç‡§≤‡•Ä ‡§≠‡§æ‡§à ‡§ï‡•ã ‡§™‡§ø‡§®‡§æ‡§à ‡§ü‡•ã‡§™‡•Ä | Golmaal Fun Unlimited  | Ajay Devgan,  Arshad Warsi, Sharman Joshi",Ajay ‡§î‡§∞ Akshay,https://www.youtube.com/channel/UCAD7VrDkU7PHC9ps85O2M4w,4.6M views,29:34,https://www.youtube.com/watch?v=wtm08O8MBx0
Sharwanand And Jaya Prakash Reddy Movie Comedy Scene | Telugu Movies | Kiraak Videos,Kiraak Videos,https://www.youtube.com/c/KiraakVideos,8.1M views,13:39,https://www.youtube.com/watch?v=NCazE52xwtk
‡§∏‡§Æ‡•ç‡§™‡•Ç‡§∞‡•ç‡§£ ‡§π‡§®‡•Å‡§Æ‡§æ‡§® ‡§ö‡§æ‡§≤‡•Ä‡§∏‡§æ‡•§ ‡§¨‡§ú‡§∞‡§Ç‡§ó ‡§¨‡§æ‡§£‡•§ ‡§∏‡§Ç‡§ï‡§ü‡§Æ‡•ã‡§ö‡§® ‡§π‡§®‡•Å‡§Æ‡§æ‡§® ‡§Ö‡§∑‡•ç‡§ü‡§ï‡•§ ‡§∂‡•ç‡§∞‡•Ä ‡§∞‡§æ‡§Æ ‡§∏‡•ç‡§§‡•Å‡§§‡§ø‡•§ ‡§≠‡§Ø ‡§™‡•ç‡§∞‡§ó‡§ü ‡§ï‡•É‡§™‡§æ‡§≤‡§æ‡•§ ‡§Ü‡§∞‡§§‡•Ä‡•§,Bhakti ke Bhajan,https://www.youtube.com/channel/UCUhoGaKWtM7dSgmV_oCwJSg,26M views,33:46,https://www.youtube.com/watch?v=KyATFBlAM9Y
@UPSC Wallah THE HISTORICAL LAUNCH üëä ‡§Ö‡§¨ IAS ‡§¨‡§®‡§æ‡§è‡§Ç‡§ó‡•á ‡§∏‡§ø‡§∞‡•ç‡§´ ‚ÇπXXXX ‡§Æ‡•á !! üôè,Physics Wallah - Alakh Pandey,https://www.youtube.com/c/PhysicsWallah,1.9M views,1:00:03,https://www.youtube.com/watch?v=buJDxRzrwoU
Surah Al Baqarah - Al Hadr Recitation (Shaikh Mishary Al Afasy),MuslimMom,https://www.youtube.com/channel/UCc3rhnTCEvJWksYm1x1VEEw,2.4M views,1:19:53,https://www.youtube.com/watch?v=PcBJ52n8tRA
Maate Mantramu Video Song | Taggedele Songs | Naveen Chandra | S. P. Balasubrahmanyam |  Ilaiyaraaja,Aditya Music,https://www.youtube.com/c/adityamusic,488K views,5:00,https://www.youtube.com/watch?v=N5r-PvRBUK4
Director Anudeep KV Funny Words to Media about Prince Movie Success | Sivakarthikeyan | FC,Friday Culture,https://www.youtube.com/c/FridayCulture,427K views,6:26,https://www.youtube.com/watch?v=EEVGEo9M7-4
Indian History: ‡§≠‡§æ‡§∞‡§§ ‡§ï‡•á ‡§á‡§§‡§ø‡§π‡§æ‡§∏ ‡§ï‡•á ‡§ï‡§ø‡§∏ ‡§∞‡§æ‡§ú ‡§∏‡•á ‡§â‡§† ‡§∞‡§π‡§æ ‡§π‡•à ‡§™‡§∞‡•ç‡§¶‡§æ (BBC Hindi),BBC News Hindi,https://www.youtube.com/c/BBCHindi,779K views,7:50,https://www.youtube.com/watch?v=pplHnfQOurI
Episode 135 - Taarak Mehta Ka Ooltah Chashmah | TMKOC Comedy | ‡§§‡§æ‡§∞‡§ï ‡§Æ‡•á‡§π‡§§‡§æ ‡§ï‡§æ ‡§â‡§≤‡•ç‡§ü‡§æ ‡§ö‡§∂‡•ç‡§Æ‡§æ,Taarak Mehta Ka Ooltah Chashmah,https://www.youtube.com/c/TaarakMehtaKaOoltahChashmah,8.1M views,19:34,https://www.youtube.com/watch?v=c_Nedcq3Aw0
"‡§Ü‡§™ ‡§§‡•ã ‡§π‡§Æ‡•á‡§∏‡§æ ‡§™‡•à‡§∏‡§æ ‡§Æ‡§æ‡§Ç‡§ó‡§§‡•á ‡§∞‡§π‡§§‡•á ‡§π‡•à‡§Ç | Phir Hera Pheri | Akshay Kumar, Sunil Shetty, Paresh Rawal",Ajay ‡§î‡§∞ Akshay,https://www.youtube.com/channel/UCAD7VrDkU7PHC9ps85O2M4w,3.6M views,40:33,https://www.youtube.com/watch?v=Ug0rw-I5cdA
LIVE: ‡§∂‡•ç‡§∞‡•Ä ‡§ó‡§£‡•á‡§∂ ‡§Æ‡§Ç‡§§‡•ç‡§∞ | ‡•ê ‡§ó‡§Ç ‡§ó‡§£‡§™‡§§‡§Ø‡•á ‡§®‡§Æ‡•ã ‡§®‡§Æ‡§É | ‡§ó‡§£‡•á‡§∂ ‡§µ‡§Ç‡§¶‡§®‡§æ | Shri Ganesh Mantra Jaap | Aashirwad,AASHIRWAD,https://www.youtube.com/channel/UCcfZt3NXjrlxIkedDELxoGg,54 watching,,https://www.youtube.com/watch?v=U9Z1cuUJsyk
Nitnem | ‡®®‡®ø‡®§‡®®‡©á‡®Æ | ‡§ú‡§™‡•Å‡§ú‡•Ä ‡§∏‡§æ‡§π‡§ø‡§¨ | Japji Sahib | ‡§ú‡§æ‡§™ ‡§∏‡§æ‡§π‡§ø‡§¨ | Jaap Sahib & Savayie - Bhai Gurbaj Singh,Punjabi Lok Devotional,https://www.youtube.com/channel/UCDJQJ9ZE5fknDi0ygjB3lnQ,11M views,54:55,https://www.youtube.com/watch?v=JDYWdeGqn5s
Motu Patlu | ‡§Æ‡•ã‡§ü‡•Ç ‡§™‡§§‡§≤‡•Ç S1 | John's Mask | Episode 135 Part 2 | Download Voot Kids App,Voot Kids,https://www.youtube.com/c/vootkids,227K views,11:37,https://www.youtube.com/watch?v=49bHjwYdo14
"Jugni Jugni | ‚ù§Ô∏èWedding Songs‚ù§Ô∏è | Badal, 2000 | Anuradha Paudwal, Jaspinder Narula | Bobby Deol",Cover Tazzy,https://www.youtube.com/channel/UCGHnDJD4Kl84MT2WP8oHYOg,7.6K views,8:09,https://www.youtube.com/watch?v=80sC3fmgCw0
VIRAT KOHLI CHEATING IN INDIA VS PAKISTAN?,Thugesh,https://www.youtube.com/c/Thugesh,1.7M views,12:40,https://www.youtube.com/watch?v=vEkzYzXmndI
"Gurupurnima - Lyrical | Dharmaveer | Prasad Oak, Kshitish Date | Pravin Tarde | Manish R | Avinash V",Zee Music Marathi,https://www.youtube.com/c/zeemusicmarathi,6.3M views,7:18,https://www.youtube.com/watch?v=vAdROCh3HRE
Main Tota Hare Rang Ka | Hindi Rhymes | ‡§Æ‡•à‡§Ç ‡§§‡•ã‡§§‡§æ ‡§Æ‡•à‡§Ç ‡§§‡•ã‡§§‡§æ | Hindi Rhymes For Kids | Baby Songs Hindi,Kids Channel India - Hindi Rhymes and Baby Songs,https://www.youtube.com/c/KidsChannelIndiaHindiRhymesandBabySongs,933M views,25:42,https://www.youtube.com/watch?v=vTCZrgb2PWc
"Cash Latest Promo - 29th October 2022  - Santosh Sobhan, Faria Abdullah, Sudarshan, Brahmaji",mallemalatv,https://www.youtube.com/c/mallemalatv,1.1M views,3:27,https://www.youtube.com/watch?v=NMbKz9SJ0mQ
‡®ú‡®™‡©Å‡®ú‡©Ä ‡®∏‡®æ‡®π‡®ø‡®¨ | ‡§ú‡§™‡•Å‡§ú‡•Ä ‡§∏‡§æ‡§π‡§ø‡§¨ | Japji Sahib | ‡®®‡®ø‡®§‡®®‡©á‡®Æ | Nitnem | Bhai Gurbaj Singh Ji |,Punjabi Lok Devotional,https://www.youtube.com/channel/UCDJQJ9ZE5fknDi0ygjB3lnQ,34M views,22:50,https://www.youtube.com/watch?v=4PEORBA2KdU
"Tere Ishq Mein Nachenge üíî Sad Song üíî HD, Raja Hindustani (1996) Aamir Khan, Karishma Kapoor",King Kumar,https://www.youtube.com/channel/UCseFllVsEGBshl2W_8ZapiQ,276K views,8:09,https://www.youtube.com/watch?v=5WVMPKFw660
LIVE : ‡§∂‡•ç‡§∞‡•Ä ‡§π‡§®‡•Å‡§Æ‡§æ‡§® ‡§ö‡§æ‡§≤‡•Ä‡§∏‡§æ | Hanuman Chalisa | ‡§ú‡§Ø ‡§π‡§®‡•Å‡§Æ‡§æ‡§® ‡§ú‡•ç‡§û‡§æ‡§® ‡§ó‡•Å‡§£ ‡§∏‡§æ‡§ó‡§∞ | Jai Hanuman Gyan Gun Sagar,Spiritual Activity,https://www.youtube.com/c/spirtualactivity,1.7M views,11:54:56,https://www.youtube.com/watch?v=U6mYmIvDzxQ
Vishnu Sahasranamam - M S Subbulakshmi jr,Tvnxt Devotional,https://www.youtube.com/c/TvnxtDevotional,15M views,30:37,https://www.youtube.com/watch?v=-p2ProRqN6g
"Jai Shree Ram | Ram Setu Anthem | Akshay Kumar, Jacqueline F, Nushrratt B | Vikram M, Shekhar A",Zee Music Company,https://www.youtube.com/user/zeemusiccompany,22M views,3:21,https://www.youtube.com/watch?v=u6xkrtxYzoU
How I MADE MONEY from EXCEL and YOU CAN TOO! | Career Tips 2022 | Ankur Warikoo Hindi,warikoo,https://www.youtube.com/c/warikoo,160K views,20:16,https://www.youtube.com/watch?v=HJoHMSgcYm4
Hafiz Tahir Qadri - Surah e Yaseen - Tilawat,Heera Gold,https://www.youtube.com/c/HeeraGoldOfficial,19M views,15:33,https://www.youtube.com/watch?v=zSQb_-jcDDc
"Piya Lagi Lagan Bas Tere Naam Ki | ‚ù§Ô∏èLove Song‚ù§Ô∏è | Daag 1999 | Anuradha Paudwal, Jaspinder Narula",Cover Tazzy,https://www.youtube.com/channel/UCGHnDJD4Kl84MT2WP8oHYOg,988K views,8:03,https://www.youtube.com/watch?v=n6ADAaQBoMc
Payee Fufata - Lyrical Song | lagan ‡§≤‡§ó‡§® | Ajay Gogavle - Vijay Gavande | Guru Thakur | Arjun Gujar,Gujar Brothers Entertainment official,https://www.youtube.com/c/GujarBrothersEntertainmentofficial,7.5M views,4:10,https://www.youtube.com/watch?v=2iYYQCntTV4
Rishi Sunak Live: Rishi Sunak Reveals His Plan For UK Economy | Liz Truss Resigns | UK News LIVE,India Today,https://www.youtube.com/c/indiatoday,540K views,11:46:37,https://www.youtube.com/watch?v=v0lPJGxZsEk
"Pardesiya Itna Bata Sajna | ‚ù§Ô∏èLove Song‚ù§Ô∏è | Daag: The Fire 1999 | Anuradha Paudwal, Udit Narayan",Cover Tazzy,https://www.youtube.com/channel/UCGHnDJD4Kl84MT2WP8oHYOg,637K views,8:19,https://www.youtube.com/watch?v=ouqNeEiJkcA
‡§Æ‡•Å‡§Å‡§π ‡§∏‡•á ‡§∏‡•Å‡§™‡§æ‡§∞‡•Ä ‡§•‡•Ç‡§ï ‡§ï‡•á ‡§¨‡§æ‡§§ ‡§ï‡§∞ ‡§∞‡•á ‡§¨‡§æ‡§¨‡§æ | Movie Phir Hera Pheri | Comedy Scenes | Movie In Parts -02,Shemaroo Comedy,https://www.youtube.com/c/shemaroobollywoodcomedy,8.2M views,35:47,https://www.youtube.com/watch?v=UoDPDTML9xI
"Hawaon Ne Ye Kaha | ‚ù§Ô∏èSad Song‚ù§Ô∏è | Aap Mujhe Achche Lagne Lage, 2002 | Udit Narayan, Hrithik Roshan",Cover Tazzy,https://www.youtube.com/channel/UCGHnDJD4Kl84MT2WP8oHYOg,800K views,9:33,https://www.youtube.com/watch?v=yJczYdiGYJM
A memorable Diwali with the Armed Forces in Kargil!,Narendra Modi,https://www.youtube.com/c/NarendraModi,552K views,4:25,https://www.youtube.com/watch?v=6OewSK7uL2c
WHO IS INDIAS NUMBER 1 PROFESSOR?,Tanmay Bhat,https://www.youtube.com/c/TanmayBhatYouTube,2.1M views,13:43,https://www.youtube.com/watch?v=yw9uWfalumw
Got 1.8LPA at TCS | How did he crack Microsoft with 50LPA,Fraz,https://www.youtube.com/c/FrazMohammad,94K views,38:24,https://www.youtube.com/watch?v=TGaXmRxGvPs
"Ellame Baba - Shirdi Sai Baba Songs | Sai Saranam Baba Saranam | Ramu, Prabhakar | Vijay Musicals",Vijay Musical,https://www.youtube.com/c/vijaymusicalsprituval,4.8M views,1:17:01,https://www.youtube.com/watch?v=fKkvtmh6juQ
‡®Ö‡©±‡®ú ‡®ò‡®∞ ‡®¶‡©Å‡®ï‡®æ‡®® ‡®¶‡®´‡®§‡®∞ ‡®µ‡®ø‡®ö ‡®á‡®π ‡®™‡®æ‡®† ‡®≤‡®ó‡®æ ‡®ï‡©á ‡®∞‡©±‡®ñ ‡®¶‡®µ‡©ã ‡®≠‡®æ‡®ó ‡®ñ‡©Å‡©±‡®≤‡©ç‡®π ‡®ú‡®æ‡®£‡®ó‡©á | Guru Nanak Bani,Guru Nanak Bani,https://www.youtube.com/c/GuruNanakBani,115K views,11:54:58,https://www.youtube.com/watch?v=bN8T6QaN2_U
"""Check"" Latest  Hindi Dubbed Full Movie 2022 [4K Ultra HD] | Nithiin, Rakul Preet, PriyaVarrier",Aditya Movies,https://www.youtube.com/c/adityamovies,168M views,2:10:37,https://www.youtube.com/watch?v=NpJ6lnbgi_s
Thalapathy Vijay's MASTER (2022) New Released Full Hindi Dubbed Movie | Vijay Sethupathi | New Movie,Grand Master Movies,https://www.youtube.com/channel/UCWYAEjF3QtT8A_u53t_5a9g,33M views,2:49:20,https://www.youtube.com/watch?v=JrzK_jJsXho
"Akshay Aur Rajpal BEST COMEDY SCENE | Phir Hera Pheri  | Akshay Kumar, Rajpal Yadav",Ajay ‡§î‡§∞ Akshay,https://www.youtube.com/channel/UCAD7VrDkU7PHC9ps85O2M4w,3.7M views,35:47,https://www.youtube.com/watch?v=VR0NLSFiX78
The Girl Behind Many VOICES ‚Äì LIVE OFFICIAL DUBBING ft. Sonal Kaushal,TALENT TADKA,https://www.youtube.com/c/TALENTTADKA,30M views,6:35,https://www.youtube.com/watch?v=fHFieQ-kjF4
‡•§‡•§ ‡§™‡•ç‡§∞‡§æ‡§§‡§É‡§ï‡§æ‡§≤ ‡§ï‡•á ‡§™‡§æ‡§Ç‡§ö ‡§Æ‡§Ç‡§§‡•ç‡§∞‡•§‡•§ ‡•§‡•§‡§¶‡§ø‡§® ‡§ï‡•Ä ‡§∂‡•Å‡§∞‡•Å‡§Ü‡§§ ‡§á‡§® ‡§™‡§æ‡§Ç‡§ö ‡§Æ‡§Ç‡§§‡•ç‡§∞ ‡§∏‡•á ‡§ï‡§∞‡•á‡•§‡•§Slokas to start  your day with‡•§‡•§,Eternal Dharma-‡§∏‡§®‡§æ‡§§‡§® ‡§ß‡§∞‡•ç‡§Æ -‡§π‡§ø‡§®‡•ç‡§¶‡•Ç ‡§∏‡§Ç‡§∏‡•ç‡§ï‡•É‡§§‡§ø,https://www.youtube.com/c/india2005usa11,4.4M views,6:53,https://www.youtube.com/watch?v=rtUNnIWdM-Y
Dark Reality Of VLOGS | How Your Life Is In Danger? | Kranthi Vlogger,Kranthi Vlogger,https://www.youtube.com/c/KranthiVlogger,408K views,12:07,https://www.youtube.com/watch?v=gzmGcJ-VwNA
Rishi Sunak govt reaches out to India; Jaishankar gets a phone call from UK foreign minister,Hindustan Times,https://www.youtube.com/c/htdotcom,422K views,3:46,https://www.youtube.com/watch?v=TU7pmNLUKG8
"UPSC, Banker & Superhero | Crowd Work |  Stand Up Comedy | Ft  @Anubhav Singh Bassi",be_a_bassi,https://www.youtube.com/channel/UC2S0KiGusFDXWcxwEorulsA,2.3M views,7:08,https://www.youtube.com/watch?v=caoK6lM7ckE
‡§Æ‡§π‡§æ‡§Å‡§ï‡§æ‡§≤ ‡§¶‡§∞‡§¨‡§æ‡§∞ - ‡§Æ‡§π‡§æ‡§∂‡§ø‡§µ‡§∞‡§æ‡§§‡•ç‡§∞‡§ø 2022 || Bittu maharaj ||official video|| mahakal darbar || shiv bhajan,Bittu maharaj official,https://www.youtube.com/c/Bittumaharajofficial,463K views,9:07,https://www.youtube.com/watch?v=-DscxpLRzJU
‡§∏‡§æ‡§≤‡•ã ‡§á‡§∏ ‡§ï‡§æ‡§∞ ‡§ï‡•ã ‡§ú‡§≤‡•ç‡§¶‡•Ä ‡§™‡§ï‡§°‡§º‡•ã || ‡§∞‡§æ‡§ú‡§™‡§æ‡§≤ ‡§Ø‡§æ‡§¶‡§µ ‡§î‡§∞ ‡§ü‡§æ‡§∞‡•ç‡§ú‡§º‡§® ‡§ï‡§æ‡§∞ ‡§ï‡§æ ‡§ï‡•â‡§Æ‡•á‡§°‡•Ä ‡§∏‡•Ä‡§® #rajpalyadav,Comedy Captain,https://www.youtube.com/c/ComedyHindimovies,11M views,19:02,https://www.youtube.com/watch?v=j9FK4LdzCBU
I cleared UPSC CSE Prelims 2022 with *EASE*,Anonymous Upsc Aspirant,https://www.youtube.com/channel/UC5aE5_undvBtBN5y_BscU0Q,246K views,43:12,https://www.youtube.com/watch?v=QTR6k02ve6M
Closure - A Film about Consent by Tinder | Ft. Kavya Trehan and Mrinal Dutt,Tinder India,https://www.youtube.com/c/TinderIndia,1.3M views,7:58,https://www.youtube.com/watch?v=6b-K9OzVo-c
‡§™‡§µ‡§®‡§∏‡•Å‡§§ ‡§µ‡§ø‡§®‡§§‡•Ä ‡§¨‡§æ‡§∞‡§Æ‡•ç‡§¨‡§æ‡§∞ | Kumar Vishu | Hanuamn Vandana | Hindi Bhajan 2021 | Bhakti Song,Live Khatu Shyam Sonotek,https://www.youtube.com/channel/UCha-5vjckoBlL8gqJdW3frA,1.9M views,29:53,https://www.youtube.com/watch?v=5qc5lpj3JY8
"Har Dil Jo Pyar Karega | ‚ù§Ô∏èLove Song‚ù§Ô∏è | Udit Narayan, Alka Yagnik | Salman Khan, Rani Mukherjee",Cover Tazzy,https://www.youtube.com/channel/UCGHnDJD4Kl84MT2WP8oHYOg,811K views,6:56,https://www.youtube.com/watch?v=KbUjxgfwcEc
Meet Dr. Vikas Divyakirti | Episode 50,Sandeep Maheshwari,https://www.youtube.com/c/SandeepSeminars,6.5M views,26:28,https://www.youtube.com/watch?v=i0ZHTiDTS30
Chandra Official Song | Chandramukhi | Marathi Song 2022 | Ajay - Atul feat. Shreya Ghoshal | Amruta,Everest Marathi,https://www.youtube.com/c/EverestMarathi,117M views,5:42,https://www.youtube.com/watch?v=r6tU3GvJ5so
SURPRISED @Sandeep Maheshwari Mind Reading | Suhani Shah,Suhani Shah,https://www.youtube.com/c/SuhaniShah,938K views,6:11,https://www.youtube.com/watch?v=fbUPIKqpYto
‡§ò‡§æ‡§ü ‡§ï‡§æ ‡§®‡§æ‡§Æ ‡§∏‡•Å‡§®‡§æ ‡§π‡•à ? ‡§ó‡§ø‡§∞‡§ó‡§∞‡•ç‡§¶‡§® ‡§ò‡§æ‡§ü..‡§â‡§∏‡§ï‡•á ‡§™‡•Ä‡§õ‡•á ‡§ï‡§π‡§æ‡§®‡•Ä ‡§π‡•à | Khatta Meetha | Johny Lever | Rajpal Yadav,Shemaroo Movie Clips,https://www.youtube.com/channel/UCMLyozwC9KP26FVSX98F74Q,4.5M views,22:38,https://www.youtube.com/watch?v=hudSQSEFgWA
‡Æ™‡Æ¥‡Æô‡Øç‡Æï‡Æ≥‡Øà ‡Æï‡Æ±‡Øç‡Æ±‡ØÅ‡Æï‡Øç ‡Æï‡Øä‡Æ≥‡Øç‡Æ≥‡ØÅ‡Æô‡Øç‡Æï‡Æ≥‡Øç ‚Äì ‡ÆÜ‡Æ™‡Øç‡Æ™‡Æø‡Æ≥‡Øç (Learn Fruits for Kids ‚Äì Apple) ChuChu TV Tamil Surprise Eggs,ChuChuTV Tamil,https://www.youtube.com/c/ChuChuTVTamil,1.8M views,10:15,https://www.youtube.com/watch?v=gl1iCUs7i7w
Shri Swami Samarth üôè NISHANK HOI RE MANA ! Tarak Mantra by Anuradha Paudwal,Rohini Hamkar,https://www.youtube.com/c/RohiniHamkarMarathi,477K views,22:23,https://www.youtube.com/watch?v=VxJ1GxHpGBY
üåπüåº‡§∂‡•ç‡§∞‡•Ä ‡§∏‡•ç‡§µ‡§æ‡§Æ‡•Ä ‡§∏‡§Æ‡§∞‡•ç‡§•üå∫‡§§‡§æ‡§∞‡§ï‡§Æ‡§Ç‡§§‡•ç‡§∞üå∫ ‡§®‡§ø:‡§∂‡§Ç‡§ï ‡§π‡•ã‡§à ‡§∞‡•á ‡§Æ‡§®‡§æ ‡§®‡§ø‡§∞‡•ç‡§≠‡§Ø ‡§π‡•ã‡§à ‡§∞‡•á ‡§Æ‡§®‡§æüå∑üåº ‡§∏‡•ç‡§µ‡§æ‡§Æ‡•Ä ‡§Æ‡§Ç‡§§‡•ç‡§∞ - ‡§Ö‡§®‡•Å‡§∞‡§æ‡§ß‡§æ ‡§™‡•å‡§°‡§µ‡§æ‡§≤,Khamang Corner,https://www.youtube.com/channel/UCxyr4-AG2diOyIUf73DOHVg,550K views,22:23,https://www.youtube.com/watch?v=1YtYJaywEBo
"Julai Back To Back Hilarious Comedy Scenes | Rajendra Prasad,M.S Narayana And Brahmanandam Comedy",Volga Video,https://www.youtube.com/c/VolgaVideo,21M views,37:57,https://www.youtube.com/watch?v=B4O_eHOWqoA
Rocky Bhai Yash South Released Blockbuster Full Hindi Dubbed Romantic Action Movie | South Movie,RDC South Dubbed,https://www.youtube.com/channel/UCOOiD1QMZG8fwH9oGdGIuUQ,26M views,2:19:06,https://www.youtube.com/watch?v=aWG5PX--pUg
MY INDIAN HUSBAND COOKS SOUTH INDIAN BREAKFAST TIFFIN & CHUTNEY STYLE || Ram and Pie,Ram and Pie,https://www.youtube.com/c/RamandPie,4.3M views,16:37,https://www.youtube.com/watch?v=2D3ZATdh87s
CarryMinati Plays A PLAGUE TALE REQUIEM PART 3 - NO PROMOTION,CarryisLive,https://www.youtube.com/c/CarryisLive,370K views,3:01:01,https://www.youtube.com/watch?v=AOAfvdlgeC0
"Haldiram: 0 to 20,000 Crores | Business Case Study",Aevy TV,https://www.youtube.com/c/AevyTV,1.2M views,9:03,https://www.youtube.com/watch?v=zZwYGlnpu6c
I‚Äôd do it all | BTS: Burn the Stage Ep1,BANGTANTV,https://www.youtube.com/channel/UCLkAepWjdylmXSltofFvsYQ,369M views,21:13,https://www.youtube.com/watch?v=j6zWwAoEi_w&pp=sAQB
Filmymoji || Middle Class Madhu || Diwali Family Pack || MCM,Filmymoji,https://www.youtube.com/c/FilmyMoji,2.1M views,16:56,https://www.youtube.com/watch?v=1V6Qb6mii60
Tech Layoffs & Hiring Freezes,NeetCode,https://www.youtube.com/c/NeetCode,196K views,5:57,https://www.youtube.com/watch?v=Hmf7a5u8nCk
Taarak Mehta Ka Ooltah Chashmah - Episode 624 - Full Episode,Sony SAB,https://www.youtube.com/c/sonysab,7.6M views,21:32,https://www.youtube.com/watch?v=SCeliffla_k
Taarak Mehta Ka Ooltah Chashmah - Episode 698,Sony SAB,https://www.youtube.com/c/sonysab,16M views,19:44,https://www.youtube.com/watch?v=mFQ-Eo2Kwnk
‡§Ü‡§∞‡§Ç‡§≠ ‡§π‡•à ‡§™‡•ç‡§∞‡§ö‡§Ç‡§° | Aarambh Hai Prachand | Full Song | Without Lyrics | Kanhayyy_üë£‚ú®Ô∏è,kanhayyy_,https://www.youtube.com/channel/UCsLboDbikVFFuDyM0mTssLA,495K views,4:44,https://www.youtube.com/watch?v=5xiN1AGEVSQ
‡§Æ‡•á‡§∞‡•á ‡§ò‡§∞ ‡§ï‡•á ‡§Ü‡§ó‡•á ‡§∏‡§æ‡§à‡§Ç ‡§®‡§æ‡§• ‡§§‡•á‡§∞‡§æ ‡§Æ‡§Ç‡§¶‡§ø‡§∞ ‡§¨‡§® ‡§ú‡§æ‡§Ø‡•á || Paras Jain || Hindi Most Popular Sirdi Saibaba Bhajan,Sonotek Bhakti,https://www.youtube.com/c/SonotekBhakti,10M views,46:59,https://www.youtube.com/watch?v=5JpURnCBJEY
Rainbow - Mixing Makeup Eyeshadow Into Slime! Special Series 96 Satisfying Slime Video,Lena Slime,https://www.youtube.com/c/LenaSlime,92M views,14:33,https://www.youtube.com/watch?v=Kx6j7dglzbM
White House Diwali : US President Joe Biden ‡§ï‡•á White House ‡§Æ‡•á‡§Ç ‡§ï‡•à‡§∏‡•á ‡§Æ‡§®‡§æ‡§Ø‡§æ ‡§ó‡§Ø‡§æ ‡§∞‡•ã‡§∂‡§®‡•Ä ‡§ï‡§æ ‡§§‡•ç‡§Ø‡•ã‡§π‡§æ‡§∞ (BBC),BBC News Hindi,https://www.youtube.com/c/BBCHindi,686K views,4:38,https://www.youtube.com/watch?v=WRtsdR8Oryk
"‚Çπ25,000 Diwali Skyshot Stashüî•- ‡§Ö‡§≤‡§ó ‡§î‡§∞ ‡§®‡§è ‡§§‡§∞‡•Ä‡§ï‡•á ‡§ï‡•á ‡§∏‡•ç‡§ï‡§æ‡§à ‡§∂‡•â‡§ü ‡§™‡§ü‡§æ‡§ñ‡•á | Little To Monster Size",Crazy XYZ,https://www.youtube.com/c/CrazyXYZ,5.6M views,10:16,https://www.youtube.com/watch?v=PetTm2JJ0uc
Vijay And Hansika Motwani Superhit South Blockbuster Hindi Dubbed Action Movie | Shehanshah,MOVIES HD,https://www.youtube.com/c/MoviesHDIrfan,19M views,2:10:16,https://www.youtube.com/watch?v=5NQs3dZIvnE
"Kho Gaye Hum Kahan -Full Video |Baar Baar Dekho | Sidharth Malhotra, Katrina K| Jasleen R, Prateek K",Zee Music Company,https://www.youtube.com/user/zeemusiccompany,49M views,4:15,https://www.youtube.com/watch?v=vt4jX0iRgCg
‡ÆÖ‡ÆØ‡Øç‡ÆØ‡ÆØ‡Øã ‡Æé‡Æµ‡Æ©‡Øã ‡Æö‡Øä‡Æ®‡Øç‡Æ§‡Æï‡Øç‡Æï‡Ææ‡Æ∞‡Æ©‡Øç ‡Æö‡Øã‡Æ§‡Øç‡Æ§‡ØÅ‡Æï‡Øç‡Æï‡ØÅ ‡Æµ‡Æ®‡Øç‡Æ§‡ØÅ‡Æü‡Øç‡Æü‡Ææ‡Æ©‡Øç ‡Æü‡Øã‡ÆØ‡Øç..! | Ramarajan | Goundamani Senthil Comedy,All Time Hit Comedy,https://www.youtube.com/c/AllTimeHitComedy,13M views,23:50,https://www.youtube.com/watch?v=vvXzehW1lQE
"India's Ayodhya turns into sparkling utopia on Diwali eve, over 1.5 mn diyas lit on Saryu's banks",WION,https://www.youtube.com/c/WION,264K views,1:33,https://www.youtube.com/watch?v=xRHpGgX8ACw
Intezaar -The Struggle Of Middle Class Boy | SSC Aspirants Short Film | Careerwill App,Rakesh Yadav Readers Publication(RYP),https://www.youtube.com/c/RakeshYadavReadersPublication,439K views,25:50,https://www.youtube.com/watch?v=fzc24xzYnW4
"Jai Adhyashakti | Ambe Maa Aarti | Ratansinh Vaghela, Damyanti Barot | Gujarati Devotional Songs",RDC Gujarati,https://www.youtube.com/c/RDCGujarati,140M views,13:34,https://www.youtube.com/watch?v=BzUv298D3uk
Kaisi Teri Khudgharzi Episode 26 - 19th October 2022 (English Subtitles) ARY Digital Drama,ARY Digital HD,https://www.youtube.com/c/ARYDigitalasia,25M views,38:38,https://www.youtube.com/watch?v=oeREi7wy5GY
"‡§ú‡§µ‡§æ‡§® ‡§π‡•ã, ‡§î‡§∞ ‡§Ö‡§®‡•ç‡§Ø‡§æ‡§Ø ‡§¶‡•á‡§ñ‡§ï‡§∞ ‡§ñ‡•Ç‡§® ‡§®‡§π‡•Ä‡§Ç ‡§ñ‡•å‡§≤‡§§‡§æ? || ‡§Ü‡§ö‡§æ‡§∞‡•ç‡§Ø ‡§™‡•ç‡§∞‡§∂‡§æ‡§Ç‡§§, ‡§Ü‡§á.‡§Ü‡§á.‡§ü‡•Ä ‡§¶‡§ø‡§≤‡•ç‡§≤‡•Ä ‡§Æ‡§π‡•ã‡§§‡•ç‡§∏‡§µ (2022)",‡§Ü‡§ö‡§æ‡§∞‡•ç‡§Ø ‡§™‡•ç‡§∞‡§∂‡§æ‡§®‡•ç‡§§ - Acharya Prashant,https://www.youtube.com/c/ShriPrashant,77K views,40:06,https://www.youtube.com/watch?v=t8GB5VplMwk
"Extra Jabardasth Latest Promo - 28th October 2022 - Rashmi Gautam,Kushboo,Bullet Bhaskar,Immaneul",mallemalatv,https://www.youtube.com/c/mallemalatv,2.3M views,3:26,https://www.youtube.com/watch?v=PPEDM20eGTk
High Court Steno Typing Speed Batch,NRK TYPING COLLEGE BIKANER RAJASTHAN,https://www.youtube.com/channel/UCET4TFyN_m2fs7E10uMM4PQ,1.8M views,10:54,https://www.youtube.com/watch?v=OzKSFwcKEFo
UK PM-designate Rishi Sunak gets a warm welcome at 10 Downing Street | Watch,Hindustan Times,https://www.youtube.com/c/htdotcom,1M views,1:38,https://www.youtube.com/watch?v=UVWtQ-ZLVfg
The Hidden Truth of Ramayana | Was Ravan Good? | Dhruv Rathee,Dhruv Rathee,https://www.youtube.com/c/dhruvrathee,4M views,17:08,https://www.youtube.com/watch?v=Hmhp1ZYPC5w
"Sarrainodu (4K ULTRA HD) Full Hindi Dubbed Movie | Allu Arjun, Rakul Preet Singh, Catherine Tresa",Goldmines,https://www.youtube.com/c/GoldminesTelefilms,109M views,2:05:40,https://www.youtube.com/watch?v=B6h-kQLQqec
"Piya Lagi Lagan Bas Tere Naam Ki | ‚ù§Ô∏è90s Jhankar‚ù§Ô∏è | Daag 1999 | Anuradha Paudwal, Jaspinder N",Anmol Kulkarni,https://www.youtube.com/channel/UCD8zwlgpLx_UC4pQe9M224A,11M views,8:14,https://www.youtube.com/watch?v=yjglvjuaIAA
Ori Devuda Movie Prank | Vishwak Sen | Mithila Palkar | Asha Bhat | FunPataka,FunPataka,https://www.youtube.com/c/FunPataka,1.8M views,14:34,https://www.youtube.com/watch?v=YjvHlgM9EAg
‡§π‡§æ‡§∞‡§æ ‡§π‡•Ç‡§Å ‡§¨‡§æ‡§¨‡§æ ‡§™‡§∞ ‡§§‡•Å‡§ù‡§™‡•á ‡§≠‡§∞‡•ã‡§∏‡§æ ‡§π‡•à || Kanhaiya Mittal ji || Agra Latest bhajan,Shree Shyam Studio Live,https://www.youtube.com/c/ShreeShyamStudioLive,10M views,15:45,https://www.youtube.com/watch?v=x_gRfkoFNBA
‡§™‡•Ç‡§∞‡•Ä ‡§¶‡•Å‡§®‡§ø‡§Ø‡§æ ‡§¶‡•Ä‡§µ‡§æ‡§®‡•Ä ‡§π‡•ã ‡§ó‡§à ‡§á‡§∏ ‡§≠‡•ã‡§≤‡•á‡§®‡§æ‡§• ‡§≠‡§ú‡§® ‡§ï‡•á ‡§™‡•Ä‡§õ‡•á ‡§Ü‡§™ ‡§≠‡•Ä ‡§è‡§ï‡§¨‡§æ‡§∞ ‡§ú‡§∞‡•Ç‡§∞ ‡§∏‡•Å‡§®‡•á -2022 New Superhit Shiv Bhajan,bhakti chetak,https://www.youtube.com/channel/UCBev-9z6uKrkSAvdMh4adBA,25M views,12:51,https://www.youtube.com/watch?v=3FDgbHtkWyQ
‚ù§Ô∏è Ajmer Qawwali ‚ù§Ô∏è Khwaja Garib Navaz Superhit Kavvali 2022 üëë New Dj.KGN Qawali üëë,Taj Gulshan Audio Video,https://www.youtube.com/channel/UCDVsUYQY-v4Ak9tJzfr3HhA,21 watching,,https://www.youtube.com/watch?v=gzLvjBAMncs
"#VIDEO | ‡§õ‡§† ‡§ò‡§æ‡§ü‡•á ‡§ö‡§≤‡•Ä | #Khesari Lal Yadav , #Antra Singh Priyanka | Bhojpuri Chhath Song 2022",Mamta Music Bhojpuri,https://www.youtube.com/channel/UCvQTbymUgcbEP9BfqubDHyQ,362K views,4:29,https://www.youtube.com/watch?v=4TwUnE4zMe8
Next.js 13‚Ä¶ this changes everything,Fireship,https://www.youtube.com/c/Fireship,333K views,6:16,https://www.youtube.com/watch?v=_w0Ikk4JY7U
Devi Neha Saraswat - Radha Rani Meri Hai | Radha Ashtami Song | Radha Krishna Bhajan #newbhajan2022,Supertone Digital,https://www.youtube.com/c/SupertoneDigitalOfficial,1.4M views,5:20,https://www.youtube.com/watch?v=yyl1GredDLY
Gravitas: The events that led to Liz Truss' ouster,WION,https://www.youtube.com/c/WION,319K views,7:23,https://www.youtube.com/watch?v=XPu1KPXXVKQ
Bapuji ‡§®‡•á ‡§ï‡•ç‡§Ø‡•ã‡§Ç ‡§ï‡§∞ ‡§¶‡•Ä Jetha ‡§ï‡•Ä ‡§ï‡•Å‡§ü‡§æ‡§à? | Taarak Mehta Ka Ooltah Chashmah | Comedy Express,LIV Comedy,https://www.youtube.com/c/LIVComedy,1.6M views,19:47,https://www.youtube.com/watch?v=Wo-BgB9q4-U
‡§∏‡•å ‡§∏‡•å ‡§ó‡§æ‡§®‡•ã ‡§™‡•á ‡§≠‡§æ‡§∞‡•Ä ‡§π‡•à ‡§Ø‡•á ‡§≠‡§ú‡§® || New Ram Bhajan 2022 | @Shri Ram Bhakti,Shri RamBhakti,https://www.youtube.com/channel/UCWRFhOlANYfMb83zFufhMXA,3M views,7:27,https://www.youtube.com/watch?v=vVJR8BtUKw0
‡Æö‡Æø‡Æü‡Øç‡Æü‡Æø‡ÆØ‡Æø‡Æ©‡Øç ‡ÆÜ‡Æü‡Øç‡Æü‡Øã  ‡Æµ‡Æ®‡Øç‡Æ§‡Æ§‡ØÅ  ‡Æ™‡Ææ‡Æ∞‡ØÅ | Tamil Rhymes for Children | Infobells,infobells - Tamil,https://www.youtube.com/c/infobellstamil,17M views,15:01,https://www.youtube.com/watch?v=3WBdWsLdV5c
‡ÆÖ‡ÆÆ‡Øç‡ÆÆ‡Ææ ‡ÆÖ‡ÆÆ‡Øç‡ÆÆ‡Ææ ‡Æï‡Æ£‡Øç‡Æü‡ØÅ‡Æ™‡Æø‡Æü‡Æø and much more | Tamil Rhymes for Children | Infobells,infobells - Tamil,https://www.youtube.com/c/infobellstamil,7.9M views,17:56,https://www.youtube.com/watch?v=snVkBd4HeHw
Fortuner ko yeh SUV tension de sakti thi - Par Fail!,MotorOctane,https://www.youtube.com/c/motoroctane,1.8M views,12:47,https://www.youtube.com/watch?v=V-csQxe_BhM
Five Little Monkeys Jumping on the Bed + More Nursery Rhymes & Kids Songs - CoComelon,Cocomelon - Nursery Rhymes,https://www.youtube.com/channel/UCbCmjCuTUZos6Inko4u57UQ,234M views,37:00,https://www.youtube.com/watch?v=RX_GCvz48O0
"Rishi Sunak ‡§¨‡§®‡•á‡§Ç‡§ó‡•á Britain ‡§ï‡•á ‡§®‡§è PM, ‡§≤‡•á‡§ï‡§ø‡§® ‡§µ‡•ã ‡§Ø‡§π‡§æ‡§Ç ‡§§‡§ï ‡§™‡§π‡•Å‡§Ç‡§ö‡•á ‡§ï‡•à‡§∏‡•á, ‡§â‡§®‡§ï‡•Ä ‡§ï‡§π‡§æ‡§®‡•Ä ‡§ï‡•ç‡§Ø‡§æ ‡§π‡•à? REPOST (BBC)",BBC News Hindi,https://www.youtube.com/c/BBCHindi,1.6M views,7:20,https://www.youtube.com/watch?v=4mWdzoTcQqM
Surprising Family With New Thar üòç,Sourav Joshi Vlogs,https://www.youtube.com/channel/UCjvgGbPPn-FgYeguc5nxG4A,7.9M views,9:12,https://www.youtube.com/watch?v=73FLXLE0Rc4
‡Æö‡ØÅ‡Æü‡Øç‡Æü‡Æø ‡Æï‡Æ£‡Øç‡Æ£‡ÆÆ‡Øç‡ÆÆ‡Ææ ‡Æ§‡ÆÆ‡Æø‡Æ¥‡Øç ‡Æï‡ØÅ‡Æ¥‡Æ®‡Øç‡Æ§‡Øà ‡Æ™‡Ææ‡Æü‡Æ≤‡Øç‡Æï‡Æ≥‡Øç  -  Chutty Kannamma Pappa Padalgal Tamil Rhymes Collection,Chutty Kannamma,https://www.youtube.com/c/ChuttyKannamma,4M views,9:03,https://www.youtube.com/watch?v=4hfuqOSN-Ho
Mera Junior - Amit Bhadana,Amit Bhadana,https://www.youtube.com/c/AmitBhadana,4.6M views,1:02:03,https://www.youtube.com/watch?v=YTRC7Ym7z1w
"5000 ‡§π‡§ú‡§º‡§æ‡§∞ ‡§µ‡§∞‡•ç‡§∑ ‡§¨‡§æ‡§¶ ‡§ï‡•à‡§∏‡§æ ‡§π‡•à ‡§≠‡§ó‡§µ‡§æ‡§® ‡§∂‡•ç‡§∞‡•Ä ‡§ï‡•É‡§∑‡•ç‡§£ ‡§ï‡§æ ‡§ò‡§∞, ‡§Ø‡§∂‡•ã‡§¶‡§æ ‡§Æ‡•à‡§Ø‡§æ ‡§ï‡•Ä ‡§∞‡§∏‡•ã‡§à ll Braj Darpan ll",Braj Darpan,https://www.youtube.com/c/BrajDarpan2021,54M views,22:24,https://www.youtube.com/watch?v=LobBNP_Y9mI
Ninja H2 Cancelüò•Harley Ki Ye Super Sports Bike Pasand Aagyiü•µ,Ninja UG Vlogs,https://www.youtube.com/channel/UCWPQ0V_huAVkJBPx42iyQww,590K views,14:48,https://www.youtube.com/watch?v=toVm43Oot3E
"Jubin Nautiyal: Mere Ghar Ram Aaye Hain | Dipika C | Manoj Muntashir, Payal Dev, Lovesh N |Bhushan K",T-Series,https://www.youtube.com/aashiqui2,6.7M views,5:09,https://www.youtube.com/watch?v=vBJ5HSs-N9o
‡§Ö‡§≠‡§ø‡§®‡§Ø ‡§∏‡§∞ ‡§ï‡§æ ‡§≠‡•Ä ‡§¶‡§ø‡§Æ‡§æ‡§ó ‡§™‡§¢‡§º ‡§≤‡§ø‡§Ø‡§æ ‡§ú‡§æ‡§¶‡•Ç‡§ó‡§∞ ‡§∏‡•Å‡§π‡§æ‡§®‡•Ä ‡§∂‡§æ‡§π ‡§®‡•á üò≥üò≥üò≥üò≥@Abhinay Maths @Suhani Shah,abhinay sir fan club,https://www.youtube.com/c/abhinaysharmafanclub_official,288K views,4:09,https://www.youtube.com/watch?v=5l6MrB_--fc
Cash | Paisa Vasool | 22nd October 2022 | ETV Telugu,etvteluguindia,https://www.youtube.com/etvtelugu,241K views,16:45,https://www.youtube.com/watch?v=xkOf7Ob3StA
Xi Jinping watches as ex-Chinese president Hu Jintao is 'thrown out' of Communist Party | Watch,Hindustan Times,https://www.youtube.com/c/htdotcom,799K views,3:03,https://www.youtube.com/watch?v=2IpRik1zgZU
"Pk ‡§™‡•Ä‡§ï‡•á ‡§¨‡§® ‡§ó‡§Ø‡§æ ‡§™‡•Å‡§≤‡§ø‡§∏ ‡§µ‡§æ‡§≤‡§æ  | Pk Movie Best Scene | Best Comedy Scene | Aamir Khan, Anushka Sharma |",Queen Movies,https://www.youtube.com/channel/UCue85U5BEBX5y12RYxu0XHQ,8M views,22:50,https://www.youtube.com/watch?v=R4iMXbLCqv0
8 COOLEST E - BIKE ‚ñ∂ INVENTIONS THAT ARE ALREADY ON NEXT LEVEL | must have gadgets,Future Tech Gadgets,https://www.youtube.com/c/FutureTechGadgetsTamil,914K views,8:56,https://www.youtube.com/watch?v=Wer-qSibfvI
How do you film the Speed of Light?,The Slow Mo Guys,https://www.youtube.com/user/theslowmoguys,23M views,10:49,https://www.youtube.com/watch?v=pvDJ_d1n5mI
‡§≤‡•ã‡§ü‡§™‡•ã‡§ü ‡§ï‡§∞ ‡§¶‡•á‡§®‡•á ‡§µ‡§æ‡§≤‡•Ä ‡§ï‡•â‡§Æ‡•á‡§°‡•Ä ‡§ú‡•â‡§®‡•Ä ‡§≤‡•Ä‡§µ‡§∞ ‡§ï‡§æ‡§¶‡§∞ ‡§ñ‡§æ‡§® ‡§ú‡§¨‡§∞‡§¶‡§∏‡•ç‡§§ ‡§π‡§ø‡§Ç‡§¶‡•Ä ‡§ï‡•â‡§Æ‡•á‡§°‡•Ä |Khuddar & Haqeeqat Movie Comedy,DRJ Records Specials ,https://www.youtube.com/c/DRJRecordsSpecials,14K views,19:38,https://www.youtube.com/watch?v=c5TAkvTRh50
MAKE JOKE OF ||MJO|| - COURT MARRIAGE,Make Joke Of,https://www.youtube.com/c/MakeJokeOf,7.2M views,11:58,https://www.youtube.com/watch?v=6T_JdQXCMtU
‡§∂‡§ø‡§Æ‡§≤‡§æ ‡§ï‡•Ä ‡§†‡§£‡•ç‡§° ‡§Æ‡•á‡§Ç ‡§Æ‡•ã‡§¶‡•Ä ‡§ï‡•á ‡§ï‡•ç‡§Ø‡•ã‡§Ç  ‡§õ‡•Ç‡§ü ‡§∞‡§π‡•á ‡§™‡§∏‡•Ä‡§®‡•á ? Deepak Sharma | Modi | Rahul |  Kejriwal,Deepak Sharma,https://www.youtube.com/channel/UC6kMU8Kcb_BjV_b6k5j3Mdw,224K views,23:47,https://www.youtube.com/watch?v=wumg7dm5dtA
Wedding Shopping Is ON !!,Akancha Sharma,https://www.youtube.com/channel/UC5rHti2iIMkXL12pxhMLvTg,167K views,8:59,https://www.youtube.com/watch?v=7lfDO2i2X78
Iss Aadmi ko Maarna Impossible hai | Movie Review/Plot In Hindi & Urdu | Movie Story,Anokhi Films,https://www.youtube.com/c/AnokhiFilmss,1.1M views,10:44,https://www.youtube.com/watch?v=Fo2CGyV1Ixg
Cute Couple Goals ü•∞ | Romantic Love | Caring Love Story Status,EMOTIONAL RAKHI 2.O,https://www.youtube.com/channel/UC9yWBFPDs_THdSmNIBb-hrw,1.6M views,0:31,https://www.youtube.com/watch?v=XIkU2OYQOgY
Wahh Meri Aulaad | the mridul | Pragati | Nitin,The MriDul,https://www.youtube.com/c/TheMriDul,7M views,19:34,https://www.youtube.com/watch?v=94KFZutF_8Y
Diwali ‡§ï‡•Ä ‡§∏‡§´‡§æ‡§à ‡§Æ‡•á‡§Ç ‡§π‡•Å‡§è ‡§∏‡§¨ ‡§•‡§ï ‡§ï‡•á ‡§ö‡•Ç‡§∞ | Taarak Mehta Ka Ooltah Chashmah,Sony SAB,https://www.youtube.com/c/sonysab,1.9M views,20:55,https://www.youtube.com/watch?v=CWUOU4oxhIM
‡§ö‡§Ç‡§¶‡§®‡•Ä ‡§§‡§®‡§à‡§§‡•Ä | #Shilpi Raj New Song | Chandani Tanaiti | #Bhojpuri Gana | #Chhath Geet,Saregama Hum Bhojpuri,https://www.youtube.com/c/SaregamaHumBhojpuri,339K views,5:10,https://www.youtube.com/watch?v=xUPVgoHxqMA
üí•ü§ØSo Satisfying Smart Watch..‚ÅâÔ∏èüí¢| You Never Expected This üò±,Tech Boss,https://www.youtube.com/c/TechBossIndia,1.1M views,9:05,https://www.youtube.com/watch?v=3StBjH-xDHI
RASHMI AND NANDU UNFILTERED #rashmigautam #bommablockbuster #adoptdontshop,Rashmi Gautam,https://www.youtube.com/c/RashmiGautamOfficial,93K views,37:23,https://www.youtube.com/watch?v=HMt1acZ6Rzc
TNPSC Group-I | Test-06 | Answer Key | Part-1 | Suresh IAS Academy,SURESH IAS ACADEMY,https://www.youtube.com/channel/UCrthsrCaRSnnUC42FyyoNHw,11K views,1:31:15,https://www.youtube.com/watch?v=eOwbscuPdmY
PANKAJ SIR Cricket With Whole PW team || pankaj Sir,PWengers,https://www.youtube.com/c/PWengers,412K views,0:55,https://www.youtube.com/watch?v=mwXgWC0E68I
"‚Çπ1,29,990 Waste‡ÆÜ?üòï | iPhone 13 Pro Review | it's the time to Upgrade? ü§∑üèª",Tech Boss,https://www.youtube.com/c/TechBossIndia,973K views,11:22,https://www.youtube.com/watch?v=n6TIFaberiw
Mixing Makeup Eyeshadow Into Slime! Pink vs Blue Special Series Part 46 Satisfying Slime Video,Lena Slime,https://www.youtube.com/c/LenaSlime,49M views,12:08,https://www.youtube.com/watch?v=8OemNihNqCY
‡Æï‡ØÅ‡Æ¥‡Æ®‡Øç‡Æ§‡Øà‡Æï‡Æ≥‡ØÅ‡Æï‡Øç‡Æï‡Ææ‡Æ© ‡ÆÖ‡Æü‡Æø‡Æ™‡Øç‡Æ™‡Æü‡Øà‡Æ§‡Øç ‡Æ§‡ÆÆ‡Æø‡Æ¥‡Øç | Learn Basic Tamil words for Kids - Part 1,Tamilarasi,https://www.youtube.com/c/Tamilarasi,15M views,23:53,https://www.youtube.com/watch?v=Wu7rNXVO_PY
"Rashmika Mandanna, Puneeth Rajkumar Superhit Action Hindi Dubbed South Movie | Anjani Puthra",Movie Tym,https://www.youtube.com/channel/UCOsPBxBGY2Q8zpChxGykj-Q,11M views,2:08:02,https://www.youtube.com/watch?v=hYp_6Gw00nc
"üî• ‚Çπ1,12,999 Worth Mobile Phone Unboxing ü§Ø Mixed impressions",Tech Boss,https://www.youtube.com/c/TechBossIndia,726K views,5:26,https://www.youtube.com/watch?v=RbafsuMG4IY
Filming the Speed of Light at 10 Trillion FPS,The Slow Mo Guys,https://www.youtube.com/user/theslowmoguys,39M views,13:06,https://www.youtube.com/watch?v=7Ys_yKGNFRQ
New Upcoming Hindi Dub South Movie 2022 || Allu Arjun Rashmika Mandanna Kabir New South,DIGITAL MOVIES,https://www.youtube.com/channel/UCdJSkwxBPgKwxae_aLkiTKQ,9.6K views,1:46:00,https://www.youtube.com/watch?v=1Z7l55tkJ8Y
Sawal Public Ka: ‡§ã‡§∑‡§ø ‡§∏‡•Å‡§®‡§ï ‡§ï‡•á ‡§¨‡§π‡§æ‡§®‡•á ‡§≠‡§æ‡§∞‡§§ ‡§ï‡•á ‡§π‡§ø‡§Ç‡§¶‡•Å‡§ì‡§Ç ‡§∏‡•á ‡§®‡§´‡§∞‡§§ ? | Rishi Sunak | Navika Kumar,TIMES NOW Navbharat,https://www.youtube.com/c/timesnownavbharat,29K views,48:24,https://www.youtube.com/watch?v=Vh0YFC2hEIM
2022 Engineering| anna University subjects | 1st year | easy | new syllabus | For all branches,Vivek Maths & Science,https://www.youtube.com/channel/UCvu9_r5iMlL6e_Ymq31b4DA,9.1K views,7:39,https://www.youtube.com/watch?v=FgwiQ9iHeEM
üî¥ LIVE : ‡§®‡§æ‡§®‡§æ ‡§™‡§æ‡§ü‡•á‡§ï‡§∞ ‡§®‡•á ‡§ï‡•á‡§≤‡•Ä ‡§è‡§ï‡§®‡§æ‡§• ‡§∂‡§ø‡§Ç‡§¶‡•á ‡§Ø‡§æ‡§Ç‡§ö‡•Ä ‡§¨‡•ã‡§≤‡§§‡•Ä ‡§¨‡§Ç‡§¶ ! ‡§™‡§π‡§æ ‡§Æ‡•Å‡§≤‡§æ‡§ñ‡§§ ‡§≤‡§æ‡§à‡§µ‡•ç‡§π ! Nana Patekar LIVE,MARATHI MEDIA,https://www.youtube.com/c/MarathiMediaOfficial,6.3M views,53:21,https://www.youtube.com/watch?v=rI-w8O1hLB0
Lavender vs Blue - Mixing Makeup Eyeshadow Into Slime! Special Series 106 Satisfying Slime Video,Lena Slime,https://www.youtube.com/c/LenaSlime,21M views,12:13,https://www.youtube.com/watch?v=OIxE92KaXGQ
Daytime Fireworks in 4k Slow Mo,The Slow Mo Guys,https://www.youtube.com/user/theslowmoguys,18M views,7:37,https://www.youtube.com/watch?v=jKv4Pb0SEJE
‡Æâ‡Æ∞‡ØÅ‡Æ≥‡Øà‡Æï‡Øç ‡Æï‡Æø‡Æ¥‡Æô‡Øç‡Æï‡ØÅ ‡Æö‡ØÜ‡Æ≤‡Øç‡Æ≤‡Æï‡Øç‡Æï‡ØÅ‡Æü‡Øç‡Æü‡Æø -  Potato Song Tamil KIDS - Chutty Kannamma Tamil Rhymes for Children,Chutty Kannamma,https://www.youtube.com/c/ChuttyKannamma,3.8M views,3:27,https://www.youtube.com/watch?v=j22Q5-_iAmk
How to Crack JEE 2023 Starting RIGHT NOW? Kalpit Veerwal,AcadBoost - Kalpit Veerwal,https://www.youtube.com/channel/UCL2n1iNbGv2DioRdL6R8JPw,18K views,14:50,https://www.youtube.com/watch?v=vO_FLTSRa0s
‡Æâ‡ÆØ‡Æø‡Æ∞‡Øç ‡Æé‡Æ¥‡ØÅ‡Æ§‡Øç‡Æ§‡ØÅ‡Æï‡Øç‡Æï‡Æ≥‡Øç | ‡ÆÖ ‡ÆÜ ‡Æá ‡Æà ‡ÆÖ‡Æ∞‡Æø‡Æö‡Øç‡Æö‡ØÅ‡Æµ‡Æü‡Æø | learn tamil alphabet letters| tamil ueir ezuthukkal,Neenika Nikan,https://www.youtube.com/channel/UCRalMkCsf194YpNjv3Kbx6g,4.9K views,2:35,https://www.youtube.com/watch?v=MpTMjKQIP7I
Retro Tech: Game Boy,Marques Brownlee,https://www.youtube.com/c/mkbhd,39M views,23:49,https://www.youtube.com/watch?v=Oy8zSYKkczI
Wheels On The Bus Goes Round And Round - Kids Songs,BabyFun Kids Songs,https://www.youtube.com/channel/UCg6-GPHMYK56ukjgyEQZItg,5.4M views,3:13,https://www.youtube.com/watch?v=8DX9ZeH9tZU
MY PREDICTIONS I TOP 5 BATSMEN I T20 WORLD CUP I SPORTSBET,Brett Lee TV,https://www.youtube.com/c/BrettLeeTV,21K views,2:32,https://www.youtube.com/watch?v=7sOGIaZGkvs
ZOMATO ROAST | Stand Up Comedy | Gaurav Kapoor,Gaurav Kapoor,https://www.youtube.com/c/GauravKapoor,2M views,9:43,https://www.youtube.com/watch?v=ZXGQbhF8u68
How to Write 12 Tamil Uir Eluthukkal letters with pictures    ‡Æâ‡ÆØ‡Æø‡Æ∞‡Øç ‡Æé‡Æ¥‡ØÅ‡Æ§‡Øç‡Æ§‡ØÅ‡Æï‡Øç‡Æï‡Æ≥‡Øç ‚Äì Tamil Alphabets,KidsTv Sirukathaigal,https://www.youtube.com/c/KidsTvSirukathaigal,10M views,3:21,https://www.youtube.com/watch?v=V0CF6VatZwE
Bullet Bike Prize | Gave him a Surprise | Keep Working towards your Goals,Apna College,https://www.youtube.com/c/ApnaCollegeOfficial,167K views,11:46,https://www.youtube.com/watch?v=I1HTOu9Nljk
"üò≤1,80,000 ‡Æ∞‡ØÇ‡Æ™‡Ææ‡ÆØ‡Øç‡Æï‡Øç‡Æï‡ØÅ üí∏üí∏üçé ‡Æé‡Æ©‡Øç‡Æ©‡Æ§‡Ææ‡Æ©‡Øç ‡Æ§‡Æ∞‡Ææ‡Æô‡Øç‡Æï iPhone13 Series Apple Event | Tamil Tech",TAMIL TECH - ‡Æ§‡ÆÆ‡Æø‡Æ¥‡Øç ‡Æü‡ØÜ‡Æï‡Øç,https://www.youtube.com/c/TamilTechOfficial,479K views,10:47,https://www.youtube.com/watch?v=nEnvDlwAY7U
‡Æµ‡Øá‡Æ£‡Øç‡Æü‡Ææ‡ÆÆ‡Øç ‡Æµ‡Øá‡Æ£‡Øç‡Æü‡Ææ‡ÆÆ‡Øç ‡ÆÖ‡Æ¥‡ØÅ‡Æï ‡Æµ‡Øá‡Æ£‡Øç‡Æü‡Ææ‡ÆÆ‡Øç - Cry Baby | Tamil Rhymes for Children | Infobells,infobells - Tamil,https://www.youtube.com/c/infobellstamil,25M views,2:41,https://www.youtube.com/watch?v=nSKCrQtRCKE
If I Could Tell You Just One Thing,Priyanka Chopra,https://www.youtube.com/c/priyankachopra,17M views,29:55,https://www.youtube.com/watch?v=rAzGhiO-pBE
Noida city | most developed city in Uttar Pradesh | Greater Noida üçÄüáÆüá≥,EXPLORE YRS,https://www.youtube.com/c/ReactionYrs,1.4M views,3:13,https://www.youtube.com/watch?v=_MSfcwyCsUI
Pilots flying over Pacific Ocean claim to have spotted multiple UFOs - report | Details,Hindustan Times,https://www.youtube.com/c/htdotcom,395K views,2:04,https://www.youtube.com/watch?v=HY7QHicJmUE
